---datos productos
INSERT INTO producto (id_producto,nombre,categoria,precio) VALUES (100,'procesador','CS-computo',1000);
INSERT INTO producto (id_producto,nombre,categoria,precio) VALUES (101,'procesador','US-computo',21000);
INSERT INTO producto (id_producto,nombre,categoria,precio) VALUES (102,'procesador','MF-computo',41000);
INSERT INTO producto (id_producto,nombre,categoria,precio) VALUES (103,'procesador','GW-computo',61000);
INSERT INTO producto (id_producto,nombre,categoria,precio) VALUES (104,'procesador','MD-computo',81000);
INSERT INTO producto (id_producto,nombre,categoria,precio) VALUES (105,'procesador','NF-computo',101000);
INSERT INTO producto (id_producto,nombre,categoria,precio) VALUES (106,'procesador','AK-computo',121000);
INSERT INTO producto (id_producto,nombre,categoria,precio) VALUES (107,'procesador','HW-computo',141000);
INSERT INTO producto (id_producto,nombre,categoria,precio) VALUES (108,'procesador','TJ-computo',161000);
INSERT INTO producto (id_producto,nombre,categoria,precio) VALUES (109,'procesador','IE-computo',181000);
INSERT INTO producto (id_producto,nombre,categoria,precio) VALUES (110,'procesador','BA-computo',201000);
INSERT INTO producto (id_producto,nombre,categoria,precio) VALUES (111,'procesador','TI-computo',221000);
INSERT INTO producto (id_producto,nombre,categoria,precio) VALUES (112,'procesador','BO-computo',241000);
INSERT INTO producto (id_producto,nombre,categoria,precio) VALUES (113,'procesador','ZQ-computo',261000);
INSERT INTO producto (id_producto,nombre,categoria,precio) VALUES (114,'procesador','QP-computo',281000);
INSERT INTO producto (id_producto,nombre,categoria,precio) VALUES (115,'procesador','SG-computo',301000);
INSERT INTO producto (id_producto,nombre,categoria,precio) VALUES (116,'procesador','PE-computo',321000);
INSERT INTO producto (id_producto,nombre,categoria,precio) VALUES (117,'procesador','QW-computo',341000);
INSERT INTO producto (id_producto,nombre,categoria,precio) VALUES (118,'procesador','HD-computo',361000);
INSERT INTO producto (id_producto,nombre,categoria,precio) VALUES (119,'procesador','VU-computo',381000);
INSERT INTO producto (id_producto,nombre,categoria,precio) VALUES (120,'procesador','DB-computo',401000);

INSERT INTO producto (id_producto,nombre,categoria,precio) VALUES (1001,'procesador','CS-computo',1000);
INSERT INTO producto (id_producto,nombre,categoria,precio) VALUES (1011,'procesador','US-computo',21000);
INSERT INTO producto (id_producto,nombre,categoria,precio) VALUES (1021,'procesador','MF-computo',41000);
INSERT INTO producto (id_producto,nombre,categoria,precio) VALUES (1031,'procesador','GW-computo',61000);
INSERT INTO producto (id_producto,nombre,categoria,precio) VALUES (1041,'procesador','MD-computo',81000);
INSERT INTO producto (id_producto,nombre,categoria,precio) VALUES (1051,'procesador','NF-computo',101000);
INSERT INTO producto (id_producto,nombre,categoria,precio) VALUES (1061,'procesador','AK-computo',121000);
INSERT INTO producto (id_producto,nombre,categoria,precio) VALUES (1071,'procesador','HW-computo',141000);
INSERT INTO producto (id_producto,nombre,categoria,precio) VALUES (1081,'procesador','TJ-computo',161000);
INSERT INTO producto (id_producto,nombre,categoria,precio) VALUES (1091,'procesador','IE-computo',181000);
INSERT INTO producto (id_producto,nombre,categoria,precio) VALUES (1101,'procesador','BA-computo',201000);
INSERT INTO producto (id_producto,nombre,categoria,precio) VALUES (1111,'procesador','TI-computo',221000);
INSERT INTO producto (id_producto,nombre,categoria,precio) VALUES (1121,'procesador','BO-computo',241000);
INSERT INTO producto (id_producto,nombre,categoria,precio) VALUES (1131,'procesador','ZQ-computo',261000);
INSERT INTO producto (id_producto,nombre,categoria,precio) VALUES (1141,'procesador','QP-computo',281000);
INSERT INTO producto (id_producto,nombre,categoria,precio) VALUES (1151,'procesador','SG-computo',301000);
INSERT INTO producto (id_producto,nombre,categoria,precio) VALUES (1161,'procesador','PE-computo',321000);
INSERT INTO producto (id_producto,nombre,categoria,precio) VALUES (1171,'procesador','QW-computo',341000);
INSERT INTO producto (id_producto,nombre,categoria,precio) VALUES (1181,'procesador','HD-computo',361000);
INSERT INTO producto (id_producto,nombre,categoria,precio) VALUES (1191,'procesador','VU-computo',381000);
INSERT INTO producto (id_producto,nombre,categoria,precio) VALUES (1201,'procesador','DB-computo',401000);
INSERT INTO producto (id_producto,nombre,categoria,precio) VALUES (1002,'procesador','CS-computo',1000);
INSERT INTO producto (id_producto,nombre,categoria,precio) VALUES (1012,'procesador','US-computo',21000);
INSERT INTO producto (id_producto,nombre,categoria,precio) VALUES (1022,'procesador','MF-computo',41000);
INSERT INTO producto (id_producto,nombre,categoria,precio) VALUES (1032,'procesador','GW-computo',61000);
INSERT INTO producto (id_producto,nombre,categoria,precio) VALUES (1042,'procesador','MD-computo',81000);
INSERT INTO producto (id_producto,nombre,categoria,precio) VALUES (1052,'procesador','NF-computo',101000);
INSERT INTO producto (id_producto,nombre,categoria,precio) VALUES (1062,'procesador','AK-computo',121000);
INSERT INTO producto (id_producto,nombre,categoria,precio) VALUES (1072,'procesador','HW-computo',141000);
INSERT INTO producto (id_producto,nombre,categoria,precio) VALUES (1082,'procesador','TJ-computo',161000);
INSERT INTO producto (id_producto,nombre,categoria,precio) VALUES (1092,'procesador','IE-computo',181000);
INSERT INTO producto (id_producto,nombre,categoria,precio) VALUES (1102,'procesador','BA-computo',201000);
INSERT INTO producto (id_producto,nombre,categoria,precio) VALUES (1112,'procesador','TI-computo',221000);
INSERT INTO producto (id_producto,nombre,categoria,precio) VALUES (1122,'procesador','BO-computo',241000);
INSERT INTO producto (id_producto,nombre,categoria,precio) VALUES (1132,'procesador','ZQ-computo',261000);
INSERT INTO producto (id_producto,nombre,categoria,precio) VALUES (1142,'procesador','QP-computo',281000);
INSERT INTO producto (id_producto,nombre,categoria,precio) VALUES (1152,'procesador','SG-computo',301000);
INSERT INTO producto (id_producto,nombre,categoria,precio) VALUES (1162,'procesador','PE-computo',321000);
INSERT INTO producto (id_producto,nombre,categoria,precio) VALUES (1172,'procesador','QW-computo',341000);
INSERT INTO producto (id_producto,nombre,categoria,precio) VALUES (1182,'procesador','HD-computo',361000);
INSERT INTO producto (id_producto,nombre,categoria,precio) VALUES (1192,'procesador','VU-computo',381000);
INSERT INTO producto (id_producto,nombre,categoria,precio) VALUES (1202,'procesador','DB-computo',401000);
INSERT INTO producto (id_producto,nombre,categoria,precio) VALUES (1003,'procesador','CS-computo',1000);
INSERT INTO producto (id_producto,nombre,categoria,precio) VALUES (1013,'procesador','US-computo',21000);
INSERT INTO producto (id_producto,nombre,categoria,precio) VALUES (1023,'procesador','MF-computo',41000);
INSERT INTO producto (id_producto,nombre,categoria,precio) VALUES (1033,'procesador','GW-computo',61000);
INSERT INTO producto (id_producto,nombre,categoria,precio) VALUES (1043,'procesador','MD-computo',81000);
INSERT INTO producto (id_producto,nombre,categoria,precio) VALUES (1053,'procesador','NF-computo',101000);
INSERT INTO producto (id_producto,nombre,categoria,precio) VALUES (1063,'procesador','AK-computo',121000);
INSERT INTO producto (id_producto,nombre,categoria,precio) VALUES (1073,'procesador','HW-computo',141000);
INSERT INTO producto (id_producto,nombre,categoria,precio) VALUES (1083,'procesador','TJ-computo',161000);
INSERT INTO producto (id_producto,nombre,categoria,precio) VALUES (1093,'procesador','IE-computo',181000);
INSERT INTO producto (id_producto,nombre,categoria,precio) VALUES (1103,'procesador','BA-computo',201000);
INSERT INTO producto (id_producto,nombre,categoria,precio) VALUES (1113,'procesador','TI-computo',221000);
INSERT INTO producto (id_producto,nombre,categoria,precio) VALUES (1123,'procesador','BO-computo',241000);
INSERT INTO producto (id_producto,nombre,categoria,precio) VALUES (1133,'procesador','ZQ-computo',261000);
INSERT INTO producto (id_producto,nombre,categoria,precio) VALUES (1143,'procesador','QP-computo',281000);
INSERT INTO producto (id_producto,nombre,categoria,precio) VALUES (1153,'procesador','SG-computo',301000);
INSERT INTO producto (id_producto,nombre,categoria,precio) VALUES (1163,'procesador','PE-computo',321000);
INSERT INTO producto (id_producto,nombre,categoria,precio) VALUES (1173,'procesador','QW-computo',341000);
INSERT INTO producto (id_producto,nombre,categoria,precio) VALUES (1183,'procesador','HD-computo',361000);
INSERT INTO producto (id_producto,nombre,categoria,precio) VALUES (1193,'procesador','VU-computo',381000);
INSERT INTO producto (id_producto,nombre,categoria,precio) VALUES (1203,'procesador','DB-computo',401000);
INSERT INTO producto (id_producto,nombre,categoria,precio) VALUES (1004,'procesador','CS-computo',1000);
INSERT INTO producto (id_producto,nombre,categoria,precio) VALUES (1014,'procesador','US-computo',21000);
INSERT INTO producto (id_producto,nombre,categoria,precio) VALUES (1024,'procesador','MF-computo',41000);
INSERT INTO producto (id_producto,nombre,categoria,precio) VALUES (1034,'procesador','GW-computo',61000);
INSERT INTO producto (id_producto,nombre,categoria,precio) VALUES (1044,'procesador','MD-computo',81000);
INSERT INTO producto (id_producto,nombre,categoria,precio) VALUES (1054,'procesador','NF-computo',101000);
INSERT INTO producto (id_producto,nombre,categoria,precio) VALUES (1064,'procesador','AK-computo',121000);
INSERT INTO producto (id_producto,nombre,categoria,precio) VALUES (1074,'procesador','HW-computo',141000);
INSERT INTO producto (id_producto,nombre,categoria,precio) VALUES (1084,'procesador','TJ-computo',161000);
INSERT INTO producto (id_producto,nombre,categoria,precio) VALUES (1094,'procesador','IE-computo',181000);
INSERT INTO producto (id_producto,nombre,categoria,precio) VALUES (1104,'procesador','BA-computo',201000);
INSERT INTO producto (id_producto,nombre,categoria,precio) VALUES (1114,'procesador','TI-computo',221000);
INSERT INTO producto (id_producto,nombre,categoria,precio) VALUES (1124,'procesador','BO-computo',241000);
INSERT INTO producto (id_producto,nombre,categoria,precio) VALUES (1134,'procesador','ZQ-computo',261000);
INSERT INTO producto (id_producto,nombre,categoria,precio) VALUES (1144,'procesador','QP-computo',281000);
INSERT INTO producto (id_producto,nombre,categoria,precio) VALUES (1154,'procesador','SG-computo',301000);
INSERT INTO producto (id_producto,nombre,categoria,precio) VALUES (1164,'procesador','PE-computo',321000);
INSERT INTO producto (id_producto,nombre,categoria,precio) VALUES (1174,'procesador','QW-computo',341000);
INSERT INTO producto (id_producto,nombre,categoria,precio) VALUES (1184,'procesador','HD-computo',361000);
INSERT INTO producto (id_producto,nombre,categoria,precio) VALUES (1194,'procesador','VU-computo',381000);
INSERT INTO producto (id_producto,nombre,categoria,precio) VALUES (1204,'procesador','DB-computo',401000);
INSERT INTO producto (id_producto,nombre,categoria,precio) VALUES (1005,'procesador','CS-computo',1000);
INSERT INTO producto (id_producto,nombre,categoria,precio) VALUES (1015,'procesador','US-computo',21000);
INSERT INTO producto (id_producto,nombre,categoria,precio) VALUES (1025,'procesador','MF-computo',41000);
INSERT INTO producto (id_producto,nombre,categoria,precio) VALUES (1035,'procesador','GW-computo',61000);
INSERT INTO producto (id_producto,nombre,categoria,precio) VALUES (1045,'procesador','MD-computo',81000);
INSERT INTO producto (id_producto,nombre,categoria,precio) VALUES (1055,'procesador','NF-computo',101000);
INSERT INTO producto (id_producto,nombre,categoria,precio) VALUES (1065,'procesador','AK-computo',121000);
INSERT INTO producto (id_producto,nombre,categoria,precio) VALUES (1075,'procesador','HW-computo',141000);
INSERT INTO producto (id_producto,nombre,categoria,precio) VALUES (1085,'procesador','TJ-computo',161000);
INSERT INTO producto (id_producto,nombre,categoria,precio) VALUES (1095,'procesador','IE-computo',181000);
INSERT INTO producto (id_producto,nombre,categoria,precio) VALUES (1105,'procesador','BA-computo',201000);
INSERT INTO producto (id_producto,nombre,categoria,precio) VALUES (1115,'procesador','TI-computo',221000);
INSERT INTO producto (id_producto,nombre,categoria,precio) VALUES (1125,'procesador','BO-computo',241000);
INSERT INTO producto (id_producto,nombre,categoria,precio) VALUES (1135,'procesador','ZQ-computo',261000);
INSERT INTO producto (id_producto,nombre,categoria,precio) VALUES (1145,'procesador','QP-computo',281000);
INSERT INTO producto (id_producto,nombre,categoria,precio) VALUES (1155,'procesador','SG-computo',301000);
INSERT INTO producto (id_producto,nombre,categoria,precio) VALUES (1165,'procesador','PE-computo',321000);
INSERT INTO producto (id_producto,nombre,categoria,precio) VALUES (1175,'procesador','QW-computo',341000);
INSERT INTO producto (id_producto,nombre,categoria,precio) VALUES (1185,'procesador','HD-computo',361000);
INSERT INTO producto (id_producto,nombre,categoria,precio) VALUES (1195,'procesador','VU-computo',381000);
INSERT INTO producto (id_producto,nombre,categoria,precio) VALUES (1205,'procesador','DB-computo',401000);

INSERT INTO producto (id_producto,nombre,categoria,precio) VALUES (121,'disco_duro','TC-computo',421000);
INSERT INTO producto (id_producto,nombre,categoria,precio) VALUES (122,'disco_duro','AW-computo',441000);
INSERT INTO producto (id_producto,nombre,categoria,precio) VALUES (123,'disco_duro','LD-computo',461000);
INSERT INTO producto (id_producto,nombre,categoria,precio) VALUES (124,'disco_duro','YV-computo',481000);
INSERT INTO producto (id_producto,nombre,categoria,precio) VALUES (125,'disco_duro','GC-computo',501000);
INSERT INTO producto (id_producto,nombre,categoria,precio) VALUES (126,'disco_duro','MZ-computo',521000);
INSERT INTO producto (id_producto,nombre,categoria,precio) VALUES (127,'disco_duro','NS-computo',541000);
INSERT INTO producto (id_producto,nombre,categoria,precio) VALUES (128,'disco_duro','KF-computo',561000);
INSERT INTO producto (id_producto,nombre,categoria,precio) VALUES (129,'disco_duro','PN-computo',581000);
INSERT INTO producto (id_producto,nombre,categoria,precio) VALUES (130,'disco_duro','GZ-computo',601000);
INSERT INTO producto (id_producto,nombre,categoria,precio) VALUES (131,'disco_duro','SI-computo',621000);
INSERT INTO producto (id_producto,nombre,categoria,precio) VALUES (132,'disco_duro','FG-computo',641000);
INSERT INTO producto (id_producto,nombre,categoria,precio) VALUES (133,'disco_duro','LS-computo',661000);
INSERT INTO producto (id_producto,nombre,categoria,precio) VALUES (134,'disco_duro','RO-computo',681000);
INSERT INTO producto (id_producto,nombre,categoria,precio) VALUES (135,'disco_duro','WI-computo',701000);
INSERT INTO producto (id_producto,nombre,categoria,precio) VALUES (136,'disco_duro','AU-computo',721000);
INSERT INTO producto (id_producto,nombre,categoria,precio) VALUES (137,'disco_duro','FG-computo',741000);
INSERT INTO producto (id_producto,nombre,categoria,precio) VALUES (138,'disco_duro','CH-computo',761000);
INSERT INTO producto (id_producto,nombre,categoria,precio) VALUES (139,'disco_duro','SG-computo',781000);
INSERT INTO producto (id_producto,nombre,categoria,precio) VALUES (140,'disco_duro','ZG-computo',801000);
INSERT INTO producto (id_producto,nombre,categoria,precio) VALUES (1211,'disco_duro','TC-computo',421000);
INSERT INTO producto (id_producto,nombre,categoria,precio) VALUES (1221,'disco_duro','AW-computo',441000);
INSERT INTO producto (id_producto,nombre,categoria,precio) VALUES (1231,'disco_duro','LD-computo',461000);
INSERT INTO producto (id_producto,nombre,categoria,precio) VALUES (1241,'disco_duro','YV-computo',481000);
INSERT INTO producto (id_producto,nombre,categoria,precio) VALUES (1251,'disco_duro','GC-computo',501000);
INSERT INTO producto (id_producto,nombre,categoria,precio) VALUES (1261,'disco_duro','MZ-computo',521000);
INSERT INTO producto (id_producto,nombre,categoria,precio) VALUES (1271,'disco_duro','NS-computo',541000);
INSERT INTO producto (id_producto,nombre,categoria,precio) VALUES (1281,'disco_duro','KF-computo',561000);
INSERT INTO producto (id_producto,nombre,categoria,precio) VALUES (1291,'disco_duro','PN-computo',581000);
INSERT INTO producto (id_producto,nombre,categoria,precio) VALUES (1301,'disco_duro','GZ-computo',601000);
INSERT INTO producto (id_producto,nombre,categoria,precio) VALUES (1311,'disco_duro','SI-computo',621000);
INSERT INTO producto (id_producto,nombre,categoria,precio) VALUES (1321,'disco_duro','FG-computo',641000);
INSERT INTO producto (id_producto,nombre,categoria,precio) VALUES (1331,'disco_duro','LS-computo',661000);
INSERT INTO producto (id_producto,nombre,categoria,precio) VALUES (1341,'disco_duro','RO-computo',681000);
INSERT INTO producto (id_producto,nombre,categoria,precio) VALUES (1351,'disco_duro','WI-computo',701000);
INSERT INTO producto (id_producto,nombre,categoria,precio) VALUES (1361,'disco_duro','AU-computo',721000);
INSERT INTO producto (id_producto,nombre,categoria,precio) VALUES (1371,'disco_duro','FG-computo',741000);
INSERT INTO producto (id_producto,nombre,categoria,precio) VALUES (1381,'disco_duro','CH-computo',761000);
INSERT INTO producto (id_producto,nombre,categoria,precio) VALUES (1391,'disco_duro','SG-computo',781000);
INSERT INTO producto (id_producto,nombre,categoria,precio) VALUES (1401,'disco_duro','ZG-computo',801000);
INSERT INTO producto (id_producto,nombre,categoria,precio) VALUES (1212,'disco_duro','TC-computo',421000);
INSERT INTO producto (id_producto,nombre,categoria,precio) VALUES (1222,'disco_duro','AW-computo',441000);
INSERT INTO producto (id_producto,nombre,categoria,precio) VALUES (1232,'disco_duro','LD-computo',461000);
INSERT INTO producto (id_producto,nombre,categoria,precio) VALUES (1242,'disco_duro','YV-computo',481000);
INSERT INTO producto (id_producto,nombre,categoria,precio) VALUES (1252,'disco_duro','GC-computo',501000);
INSERT INTO producto (id_producto,nombre,categoria,precio) VALUES (1262,'disco_duro','MZ-computo',521000);
INSERT INTO producto (id_producto,nombre,categoria,precio) VALUES (1272,'disco_duro','NS-computo',541000);
INSERT INTO producto (id_producto,nombre,categoria,precio) VALUES (1282,'disco_duro','KF-computo',561000);
INSERT INTO producto (id_producto,nombre,categoria,precio) VALUES (1292,'disco_duro','PN-computo',581000);
INSERT INTO producto (id_producto,nombre,categoria,precio) VALUES (1302,'disco_duro','GZ-computo',601000);
INSERT INTO producto (id_producto,nombre,categoria,precio) VALUES (1312,'disco_duro','SI-computo',621000);
INSERT INTO producto (id_producto,nombre,categoria,precio) VALUES (1322,'disco_duro','FG-computo',641000);
INSERT INTO producto (id_producto,nombre,categoria,precio) VALUES (1332,'disco_duro','LS-computo',661000);
INSERT INTO producto (id_producto,nombre,categoria,precio) VALUES (1342,'disco_duro','RO-computo',681000);
INSERT INTO producto (id_producto,nombre,categoria,precio) VALUES (1352,'disco_duro','WI-computo',701000);
INSERT INTO producto (id_producto,nombre,categoria,precio) VALUES (1362,'disco_duro','AU-computo',721000);
INSERT INTO producto (id_producto,nombre,categoria,precio) VALUES (1372,'disco_duro','FG-computo',741000);
INSERT INTO producto (id_producto,nombre,categoria,precio) VALUES (1382,'disco_duro','CH-computo',761000);
INSERT INTO producto (id_producto,nombre,categoria,precio) VALUES (1392,'disco_duro','SG-computo',781000);
INSERT INTO producto (id_producto,nombre,categoria,precio) VALUES (1402,'disco_duro','ZG-computo',801000);

INSERT INTO producto (id_producto,nombre,categoria,precio) VALUES (1213,'disco_duro','TC-computo',421000);
INSERT INTO producto (id_producto,nombre,categoria,precio) VALUES (1223,'disco_duro','AW-computo',441000);
INSERT INTO producto (id_producto,nombre,categoria,precio) VALUES (1233,'disco_duro','LD-computo',461000);
INSERT INTO producto (id_producto,nombre,categoria,precio) VALUES (1243,'disco_duro','YV-computo',481000);
INSERT INTO producto (id_producto,nombre,categoria,precio) VALUES (1253,'disco_duro','GC-computo',501000);
INSERT INTO producto (id_producto,nombre,categoria,precio) VALUES (1263,'disco_duro','MZ-computo',521000);
INSERT INTO producto (id_producto,nombre,categoria,precio) VALUES (1273,'disco_duro','NS-computo',541000);
INSERT INTO producto (id_producto,nombre,categoria,precio) VALUES (1283,'disco_duro','KF-computo',561000);
INSERT INTO producto (id_producto,nombre,categoria,precio) VALUES (1293,'disco_duro','PN-computo',581000);
INSERT INTO producto (id_producto,nombre,categoria,precio) VALUES (1303,'disco_duro','GZ-computo',601000);
INSERT INTO producto (id_producto,nombre,categoria,precio) VALUES (1313,'disco_duro','SI-computo',621000);
INSERT INTO producto (id_producto,nombre,categoria,precio) VALUES (1323,'disco_duro','FG-computo',641000);
INSERT INTO producto (id_producto,nombre,categoria,precio) VALUES (1333,'disco_duro','LS-computo',661000);
INSERT INTO producto (id_producto,nombre,categoria,precio) VALUES (1343,'disco_duro','RO-computo',681000);
INSERT INTO producto (id_producto,nombre,categoria,precio) VALUES (1353,'disco_duro','WI-computo',701000);
INSERT INTO producto (id_producto,nombre,categoria,precio) VALUES (1363,'disco_duro','AU-computo',721000);
INSERT INTO producto (id_producto,nombre,categoria,precio) VALUES (1373,'disco_duro','FG-computo',741000);
INSERT INTO producto (id_producto,nombre,categoria,precio) VALUES (1383,'disco_duro','CH-computo',761000);
INSERT INTO producto (id_producto,nombre,categoria,precio) VALUES (1393,'disco_duro','SG-computo',781000);
INSERT INTO producto (id_producto,nombre,categoria,precio) VALUES (1403,'disco_duro','ZG-computo',801000);
INSERT INTO producto (id_producto,nombre,categoria,precio) VALUES (1214,'disco_duro','TC-computo',421000);
INSERT INTO producto (id_producto,nombre,categoria,precio) VALUES (1224,'disco_duro','AW-computo',441000);
INSERT INTO producto (id_producto,nombre,categoria,precio) VALUES (1234,'disco_duro','LD-computo',461000);
INSERT INTO producto (id_producto,nombre,categoria,precio) VALUES (1244,'disco_duro','YV-computo',481000);
INSERT INTO producto (id_producto,nombre,categoria,precio) VALUES (1254,'disco_duro','GC-computo',501000);
INSERT INTO producto (id_producto,nombre,categoria,precio) VALUES (1264,'disco_duro','MZ-computo',521000);
INSERT INTO producto (id_producto,nombre,categoria,precio) VALUES (1274,'disco_duro','NS-computo',541000);
INSERT INTO producto (id_producto,nombre,categoria,precio) VALUES (1284,'disco_duro','KF-computo',561000);
INSERT INTO producto (id_producto,nombre,categoria,precio) VALUES (1294,'disco_duro','PN-computo',581000);
INSERT INTO producto (id_producto,nombre,categoria,precio) VALUES (1304,'disco_duro','GZ-computo',601000);
INSERT INTO producto (id_producto,nombre,categoria,precio) VALUES (1314,'disco_duro','SI-computo',621000);
INSERT INTO producto (id_producto,nombre,categoria,precio) VALUES (1324,'disco_duro','FG-computo',641000);
INSERT INTO producto (id_producto,nombre,categoria,precio) VALUES (1334,'disco_duro','LS-computo',661000);
INSERT INTO producto (id_producto,nombre,categoria,precio) VALUES (1344,'disco_duro','RO-computo',681000);
INSERT INTO producto (id_producto,nombre,categoria,precio) VALUES (1354,'disco_duro','WI-computo',701000);
INSERT INTO producto (id_producto,nombre,categoria,precio) VALUES (1364,'disco_duro','AU-computo',721000);
INSERT INTO producto (id_producto,nombre,categoria,precio) VALUES (1374,'disco_duro','FG-computo',741000);
INSERT INTO producto (id_producto,nombre,categoria,precio) VALUES (1384,'disco_duro','CH-computo',761000);
INSERT INTO producto (id_producto,nombre,categoria,precio) VALUES (1394,'disco_duro','SG-computo',781000);
INSERT INTO producto (id_producto,nombre,categoria,precio) VALUES (1404,'disco_duro','ZG-computo',801000);
INSERT INTO producto (id_producto,nombre,categoria,precio) VALUES (1215,'disco_duro','TC-computo',421000);
INSERT INTO producto (id_producto,nombre,categoria,precio) VALUES (1225,'disco_duro','AW-computo',441000);
INSERT INTO producto (id_producto,nombre,categoria,precio) VALUES (1235,'disco_duro','LD-computo',461000);
INSERT INTO producto (id_producto,nombre,categoria,precio) VALUES (1245,'disco_duro','YV-computo',481000);
INSERT INTO producto (id_producto,nombre,categoria,precio) VALUES (1255,'disco_duro','GC-computo',501000);
INSERT INTO producto (id_producto,nombre,categoria,precio) VALUES (1265,'disco_duro','MZ-computo',521000);
INSERT INTO producto (id_producto,nombre,categoria,precio) VALUES (1275,'disco_duro','NS-computo',541000);
INSERT INTO producto (id_producto,nombre,categoria,precio) VALUES (1285,'disco_duro','KF-computo',561000);
INSERT INTO producto (id_producto,nombre,categoria,precio) VALUES (1295,'disco_duro','PN-computo',581000);
INSERT INTO producto (id_producto,nombre,categoria,precio) VALUES (1305,'disco_duro','GZ-computo',601000);
INSERT INTO producto (id_producto,nombre,categoria,precio) VALUES (1315,'disco_duro','SI-computo',621000);
INSERT INTO producto (id_producto,nombre,categoria,precio) VALUES (1325,'disco_duro','FG-computo',641000);
INSERT INTO producto (id_producto,nombre,categoria,precio) VALUES (1335,'disco_duro','LS-computo',661000);
INSERT INTO producto (id_producto,nombre,categoria,precio) VALUES (1345,'disco_duro','RO-computo',681000);
INSERT INTO producto (id_producto,nombre,categoria,precio) VALUES (1355,'disco_duro','WI-computo',701000);
INSERT INTO producto (id_producto,nombre,categoria,precio) VALUES (1365,'disco_duro','AU-computo',721000);
INSERT INTO producto (id_producto,nombre,categoria,precio) VALUES (1375,'disco_duro','FG-computo',741000);
INSERT INTO producto (id_producto,nombre,categoria,precio) VALUES (1385,'disco_duro','CH-computo',761000);
INSERT INTO producto (id_producto,nombre,categoria,precio) VALUES (1395,'disco_duro','SG-computo',781000);
INSERT INTO producto (id_producto,nombre,categoria,precio) VALUES (1405,'disco_duro','ZG-computo',801000);

INSERT INTO producto (id_producto,nombre,categoria,precio) VALUES (141,'memoria_ram','TV-computo',821000);
INSERT INTO producto (id_producto,nombre,categoria,precio) VALUES (142,'memoria_ram','MQ-computo',841000);
INSERT INTO producto (id_producto,nombre,categoria,precio) VALUES (143,'memoria_ram','NE-computo',861000);
INSERT INTO producto (id_producto,nombre,categoria,precio) VALUES (144,'memoria_ram','CQ-computo',881000);
INSERT INTO producto (id_producto,nombre,categoria,precio) VALUES (145,'memoria_ram','BE-computo',901000);
INSERT INTO producto (id_producto,nombre,categoria,precio) VALUES (146,'memoria_ram','AR-computo',921000);
INSERT INTO producto (id_producto,nombre,categoria,precio) VALUES (147,'memoria_ram','NY-computo',941000);
INSERT INTO producto (id_producto,nombre,categoria,precio) VALUES (148,'memoria_ram','QE-computo',961000);
INSERT INTO producto (id_producto,nombre,categoria,precio) VALUES (149,'memoria_ram','AL-computo',981000);
INSERT INTO producto (id_producto,nombre,categoria,precio) VALUES (150,'memoria_ram','IG-computo',1001000);
INSERT INTO producto (id_producto,nombre,categoria,precio) VALUES (151,'memoria_ram','YJ-computo',1021000);
INSERT INTO producto (id_producto,nombre,categoria,precio) VALUES (152,'memoria_ram','DM-computo',1041000);
INSERT INTO producto (id_producto,nombre,categoria,precio) VALUES (153,'memoria_ram','FY-computo',1061000);
INSERT INTO producto (id_producto,nombre,categoria,precio) VALUES (154,'memoria_ram','OQ-computo',1081000);
INSERT INTO producto (id_producto,nombre,categoria,precio) VALUES (155,'memoria_ram','PJ-computo',1101000);
INSERT INTO producto (id_producto,nombre,categoria,precio) VALUES (156,'memoria_ram','WL-computo',1121000);
INSERT INTO producto (id_producto,nombre,categoria,precio) VALUES (157,'memoria_ram','JP-computo',1141000);
INSERT INTO producto (id_producto,nombre,categoria,precio) VALUES (158,'memoria_ram','DN-computo',1161000);
INSERT INTO producto (id_producto,nombre,categoria,precio) VALUES (159,'memoria_ram','RN-computo',1181000);
INSERT INTO producto (id_producto,nombre,categoria,precio) VALUES (160,'memoria_ram','OQ-computo',1201000);
INSERT INTO producto (id_producto,nombre,categoria,precio) VALUES (1411,'memoria_ram','TV-computo',821000);
INSERT INTO producto (id_producto,nombre,categoria,precio) VALUES (1421,'memoria_ram','MQ-computo',841000);
INSERT INTO producto (id_producto,nombre,categoria,precio) VALUES (1431,'memoria_ram','NE-computo',861000);
INSERT INTO producto (id_producto,nombre,categoria,precio) VALUES (1441,'memoria_ram','CQ-computo',881000);
INSERT INTO producto (id_producto,nombre,categoria,precio) VALUES (1451,'memoria_ram','BE-computo',901000);
INSERT INTO producto (id_producto,nombre,categoria,precio) VALUES (1461,'memoria_ram','AR-computo',921000);
INSERT INTO producto (id_producto,nombre,categoria,precio) VALUES (1471,'memoria_ram','NY-computo',941000);
INSERT INTO producto (id_producto,nombre,categoria,precio) VALUES (1481,'memoria_ram','QE-computo',961000);
INSERT INTO producto (id_producto,nombre,categoria,precio) VALUES (1491,'memoria_ram','AL-computo',981000);
INSERT INTO producto (id_producto,nombre,categoria,precio) VALUES (1501,'memoria_ram','IG-computo',1001000);
INSERT INTO producto (id_producto,nombre,categoria,precio) VALUES (1511,'memoria_ram','YJ-computo',1021000);
INSERT INTO producto (id_producto,nombre,categoria,precio) VALUES (1521,'memoria_ram','DM-computo',1041000);
INSERT INTO producto (id_producto,nombre,categoria,precio) VALUES (1531,'memoria_ram','FY-computo',1061000);
INSERT INTO producto (id_producto,nombre,categoria,precio) VALUES (1541,'memoria_ram','OQ-computo',1081000);
INSERT INTO producto (id_producto,nombre,categoria,precio) VALUES (1551,'memoria_ram','PJ-computo',1101000);
INSERT INTO producto (id_producto,nombre,categoria,precio) VALUES (1561,'memoria_ram','WL-computo',1121000);
INSERT INTO producto (id_producto,nombre,categoria,precio) VALUES (1571,'memoria_ram','JP-computo',1141000);
INSERT INTO producto (id_producto,nombre,categoria,precio) VALUES (1581,'memoria_ram','DN-computo',1161000);
INSERT INTO producto (id_producto,nombre,categoria,precio) VALUES (1591,'memoria_ram','RN-computo',1181000);
INSERT INTO producto (id_producto,nombre,categoria,precio) VALUES (1601,'memoria_ram','OQ-computo',1201000);
INSERT INTO producto (id_producto,nombre,categoria,precio) VALUES (1412,'memoria_ram','TV-computo',821000);
INSERT INTO producto (id_producto,nombre,categoria,precio) VALUES (1422,'memoria_ram','MQ-computo',841000);
INSERT INTO producto (id_producto,nombre,categoria,precio) VALUES (1432,'memoria_ram','NE-computo',861000);
INSERT INTO producto (id_producto,nombre,categoria,precio) VALUES (1442,'memoria_ram','CQ-computo',881000);
INSERT INTO producto (id_producto,nombre,categoria,precio) VALUES (1452,'memoria_ram','BE-computo',901000);
INSERT INTO producto (id_producto,nombre,categoria,precio) VALUES (1462,'memoria_ram','AR-computo',921000);
INSERT INTO producto (id_producto,nombre,categoria,precio) VALUES (1472,'memoria_ram','NY-computo',941000);
INSERT INTO producto (id_producto,nombre,categoria,precio) VALUES (1482,'memoria_ram','QE-computo',961000);
INSERT INTO producto (id_producto,nombre,categoria,precio) VALUES (1492,'memoria_ram','AL-computo',981000);
INSERT INTO producto (id_producto,nombre,categoria,precio) VALUES (1502,'memoria_ram','IG-computo',1001000);
INSERT INTO producto (id_producto,nombre,categoria,precio) VALUES (1512,'memoria_ram','YJ-computo',1021000);
INSERT INTO producto (id_producto,nombre,categoria,precio) VALUES (1522,'memoria_ram','DM-computo',1041000);
INSERT INTO producto (id_producto,nombre,categoria,precio) VALUES (1532,'memoria_ram','FY-computo',1061000);
INSERT INTO producto (id_producto,nombre,categoria,precio) VALUES (1542,'memoria_ram','OQ-computo',1081000);
INSERT INTO producto (id_producto,nombre,categoria,precio) VALUES (1552,'memoria_ram','PJ-computo',1101000);
INSERT INTO producto (id_producto,nombre,categoria,precio) VALUES (1562,'memoria_ram','WL-computo',1121000);
INSERT INTO producto (id_producto,nombre,categoria,precio) VALUES (1572,'memoria_ram','JP-computo',1141000);
INSERT INTO producto (id_producto,nombre,categoria,precio) VALUES (1582,'memoria_ram','DN-computo',1161000);
INSERT INTO producto (id_producto,nombre,categoria,precio) VALUES (1592,'memoria_ram','RN-computo',1181000);
INSERT INTO producto (id_producto,nombre,categoria,precio) VALUES (1602,'memoria_ram','OQ-computo',1201000);
INSERT INTO producto (id_producto,nombre,categoria,precio) VALUES (1413,'memoria_ram','TV-computo',821000);
INSERT INTO producto (id_producto,nombre,categoria,precio) VALUES (1423,'memoria_ram','MQ-computo',841000);
INSERT INTO producto (id_producto,nombre,categoria,precio) VALUES (1433,'memoria_ram','NE-computo',861000);
INSERT INTO producto (id_producto,nombre,categoria,precio) VALUES (1443,'memoria_ram','CQ-computo',881000);
INSERT INTO producto (id_producto,nombre,categoria,precio) VALUES (1453,'memoria_ram','BE-computo',901000);
INSERT INTO producto (id_producto,nombre,categoria,precio) VALUES (1463,'memoria_ram','AR-computo',921000);
INSERT INTO producto (id_producto,nombre,categoria,precio) VALUES (1473,'memoria_ram','NY-computo',941000);
INSERT INTO producto (id_producto,nombre,categoria,precio) VALUES (1483,'memoria_ram','QE-computo',961000);
INSERT INTO producto (id_producto,nombre,categoria,precio) VALUES (1493,'memoria_ram','AL-computo',981000);
INSERT INTO producto (id_producto,nombre,categoria,precio) VALUES (1503,'memoria_ram','IG-computo',1001000);
INSERT INTO producto (id_producto,nombre,categoria,precio) VALUES (1513,'memoria_ram','YJ-computo',1021000);
INSERT INTO producto (id_producto,nombre,categoria,precio) VALUES (1523,'memoria_ram','DM-computo',1041000);
INSERT INTO producto (id_producto,nombre,categoria,precio) VALUES (1533,'memoria_ram','FY-computo',1061000);
INSERT INTO producto (id_producto,nombre,categoria,precio) VALUES (1543,'memoria_ram','OQ-computo',1081000);
INSERT INTO producto (id_producto,nombre,categoria,precio) VALUES (1553,'memoria_ram','PJ-computo',1101000);
INSERT INTO producto (id_producto,nombre,categoria,precio) VALUES (1563,'memoria_ram','WL-computo',1121000);
INSERT INTO producto (id_producto,nombre,categoria,precio) VALUES (1573,'memoria_ram','JP-computo',1141000);
INSERT INTO producto (id_producto,nombre,categoria,precio) VALUES (1583,'memoria_ram','DN-computo',1161000);
INSERT INTO producto (id_producto,nombre,categoria,precio) VALUES (1593,'memoria_ram','RN-computo',1181000);
INSERT INTO producto (id_producto,nombre,categoria,precio) VALUES (1603,'memoria_ram','OQ-computo',1201000);
INSERT INTO producto (id_producto,nombre,categoria,precio) VALUES (1414,'memoria_ram','TV-computo',821000);
INSERT INTO producto (id_producto,nombre,categoria,precio) VALUES (1424,'memoria_ram','MQ-computo',841000);
INSERT INTO producto (id_producto,nombre,categoria,precio) VALUES (1434,'memoria_ram','NE-computo',861000);
INSERT INTO producto (id_producto,nombre,categoria,precio) VALUES (1444,'memoria_ram','CQ-computo',881000);
INSERT INTO producto (id_producto,nombre,categoria,precio) VALUES (1454,'memoria_ram','BE-computo',901000);
INSERT INTO producto (id_producto,nombre,categoria,precio) VALUES (1464,'memoria_ram','AR-computo',921000);
INSERT INTO producto (id_producto,nombre,categoria,precio) VALUES (1474,'memoria_ram','NY-computo',941000);
INSERT INTO producto (id_producto,nombre,categoria,precio) VALUES (1484,'memoria_ram','QE-computo',961000);
INSERT INTO producto (id_producto,nombre,categoria,precio) VALUES (1494,'memoria_ram','AL-computo',981000);
INSERT INTO producto (id_producto,nombre,categoria,precio) VALUES (1504,'memoria_ram','IG-computo',1001000);
INSERT INTO producto (id_producto,nombre,categoria,precio) VALUES (1514,'memoria_ram','YJ-computo',1021000);
INSERT INTO producto (id_producto,nombre,categoria,precio) VALUES (1524,'memoria_ram','DM-computo',1041000);
INSERT INTO producto (id_producto,nombre,categoria,precio) VALUES (1534,'memoria_ram','FY-computo',1061000);
INSERT INTO producto (id_producto,nombre,categoria,precio) VALUES (1544,'memoria_ram','OQ-computo',1081000);
INSERT INTO producto (id_producto,nombre,categoria,precio) VALUES (1554,'memoria_ram','PJ-computo',1101000);
INSERT INTO producto (id_producto,nombre,categoria,precio) VALUES (1564,'memoria_ram','WL-computo',1121000);
INSERT INTO producto (id_producto,nombre,categoria,precio) VALUES (1574,'memoria_ram','JP-computo',1141000);
INSERT INTO producto (id_producto,nombre,categoria,precio) VALUES (1584,'memoria_ram','DN-computo',1161000);
INSERT INTO producto (id_producto,nombre,categoria,precio) VALUES (1594,'memoria_ram','RN-computo',1181000);
INSERT INTO producto (id_producto,nombre,categoria,precio) VALUES (1604,'memoria_ram','OQ-computo',1201000);
INSERT INTO producto (id_producto,nombre,categoria,precio) VALUES (1415,'memoria_ram','TV-computo',821000);
INSERT INTO producto (id_producto,nombre,categoria,precio) VALUES (1425,'memoria_ram','MQ-computo',841000);
INSERT INTO producto (id_producto,nombre,categoria,precio) VALUES (1435,'memoria_ram','NE-computo',861000);
INSERT INTO producto (id_producto,nombre,categoria,precio) VALUES (1445,'memoria_ram','CQ-computo',881000);
INSERT INTO producto (id_producto,nombre,categoria,precio) VALUES (1455,'memoria_ram','BE-computo',901000);
INSERT INTO producto (id_producto,nombre,categoria,precio) VALUES (1465,'memoria_ram','AR-computo',921000);
INSERT INTO producto (id_producto,nombre,categoria,precio) VALUES (1475,'memoria_ram','NY-computo',941000);
INSERT INTO producto (id_producto,nombre,categoria,precio) VALUES (1485,'memoria_ram','QE-computo',961000);
INSERT INTO producto (id_producto,nombre,categoria,precio) VALUES (1495,'memoria_ram','AL-computo',981000);
INSERT INTO producto (id_producto,nombre,categoria,precio) VALUES (1505,'memoria_ram','IG-computo',1001000);
INSERT INTO producto (id_producto,nombre,categoria,precio) VALUES (1515,'memoria_ram','YJ-computo',1021000);
INSERT INTO producto (id_producto,nombre,categoria,precio) VALUES (1525,'memoria_ram','DM-computo',1041000);
INSERT INTO producto (id_producto,nombre,categoria,precio) VALUES (1535,'memoria_ram','FY-computo',1061000);
INSERT INTO producto (id_producto,nombre,categoria,precio) VALUES (1545,'memoria_ram','OQ-computo',1081000);
INSERT INTO producto (id_producto,nombre,categoria,precio) VALUES (1555,'memoria_ram','PJ-computo',1101000);
INSERT INTO producto (id_producto,nombre,categoria,precio) VALUES (1565,'memoria_ram','WL-computo',1121000);
INSERT INTO producto (id_producto,nombre,categoria,precio) VALUES (1575,'memoria_ram','JP-computo',1141000);
INSERT INTO producto (id_producto,nombre,categoria,precio) VALUES (1585,'memoria_ram','DN-computo',1161000);
INSERT INTO producto (id_producto,nombre,categoria,precio) VALUES (1595,'memoria_ram','RN-computo',1181000);
INSERT INTO producto (id_producto,nombre,categoria,precio) VALUES (1605,'memoria_ram','OQ-computo',1201000);

INSERT INTO producto (id_producto,nombre,categoria,precio) VALUES (161,'monitor','XR-computo',1221000);
INSERT INTO producto (id_producto,nombre,categoria,precio) VALUES (162,'monitor','OO-computo',1241000);
INSERT INTO producto (id_producto,nombre,categoria,precio) VALUES (163,'monitor','FN-computo',1261000);
INSERT INTO producto (id_producto,nombre,categoria,precio) VALUES (164,'monitor','ET-computo',1281000);
INSERT INTO producto (id_producto,nombre,categoria,precio) VALUES (165,'monitor','ID-computo',1301000);
INSERT INTO producto (id_producto,nombre,categoria,precio) VALUES (166,'monitor','MU-computo',1321000);
INSERT INTO producto (id_producto,nombre,categoria,precio) VALUES (167,'monitor','XB-computo',1341000);
INSERT INTO producto (id_producto,nombre,categoria,precio) VALUES (168,'monitor','WH-computo',1361000);
INSERT INTO producto (id_producto,nombre,categoria,precio) VALUES (169,'monitor','PO-computo',1381000);
INSERT INTO producto (id_producto,nombre,categoria,precio) VALUES (170,'monitor','IU-computo',1401000);
INSERT INTO producto (id_producto,nombre,categoria,precio) VALUES (171,'monitor','PO-computo',1421000);
INSERT INTO producto (id_producto,nombre,categoria,precio) VALUES (172,'monitor','PB-computo',1441000);
INSERT INTO producto (id_producto,nombre,categoria,precio) VALUES (173,'monitor','SQ-computo',1461000);
INSERT INTO producto (id_producto,nombre,categoria,precio) VALUES (174,'monitor','QZ-computo',1481000);
INSERT INTO producto (id_producto,nombre,categoria,precio) VALUES (175,'monitor','US-computo',1501000);
INSERT INTO producto (id_producto,nombre,categoria,precio) VALUES (1611,'monitor','XR-computo',1221000);
INSERT INTO producto (id_producto,nombre,categoria,precio) VALUES (1621,'monitor','OO-computo',1241000);
INSERT INTO producto (id_producto,nombre,categoria,precio) VALUES (1631,'monitor','FN-computo',1261000);
INSERT INTO producto (id_producto,nombre,categoria,precio) VALUES (1641,'monitor','ET-computo',1281000);
INSERT INTO producto (id_producto,nombre,categoria,precio) VALUES (1651,'monitor','ID-computo',1301000);
INSERT INTO producto (id_producto,nombre,categoria,precio) VALUES (1661,'monitor','MU-computo',1321000);
INSERT INTO producto (id_producto,nombre,categoria,precio) VALUES (1671,'monitor','XB-computo',1341000);
INSERT INTO producto (id_producto,nombre,categoria,precio) VALUES (1681,'monitor','WH-computo',1361000);
INSERT INTO producto (id_producto,nombre,categoria,precio) VALUES (1691,'monitor','PO-computo',1381000);
INSERT INTO producto (id_producto,nombre,categoria,precio) VALUES (1701,'monitor','IU-computo',1401000);
INSERT INTO producto (id_producto,nombre,categoria,precio) VALUES (1711,'monitor','PO-computo',1421000);
INSERT INTO producto (id_producto,nombre,categoria,precio) VALUES (1721,'monitor','PB-computo',1441000);
INSERT INTO producto (id_producto,nombre,categoria,precio) VALUES (1731,'monitor','SQ-computo',1461000);
INSERT INTO producto (id_producto,nombre,categoria,precio) VALUES (1741,'monitor','QZ-computo',1481000);
INSERT INTO producto (id_producto,nombre,categoria,precio) VALUES (1751,'monitor','US-computo',1501000);
INSERT INTO producto (id_producto,nombre,categoria,precio) VALUES (1612,'monitor','XR-computo',1221000);
INSERT INTO producto (id_producto,nombre,categoria,precio) VALUES (1622,'monitor','OO-computo',1241000);
INSERT INTO producto (id_producto,nombre,categoria,precio) VALUES (1632,'monitor','FN-computo',1261000);
INSERT INTO producto (id_producto,nombre,categoria,precio) VALUES (1642,'monitor','ET-computo',1281000);
INSERT INTO producto (id_producto,nombre,categoria,precio) VALUES (1652,'monitor','ID-computo',1301000);
INSERT INTO producto (id_producto,nombre,categoria,precio) VALUES (1662,'monitor','MU-computo',1321000);
INSERT INTO producto (id_producto,nombre,categoria,precio) VALUES (1672,'monitor','XB-computo',1341000);
INSERT INTO producto (id_producto,nombre,categoria,precio) VALUES (1682,'monitor','WH-computo',1361000);
INSERT INTO producto (id_producto,nombre,categoria,precio) VALUES (1692,'monitor','PO-computo',1381000);
INSERT INTO producto (id_producto,nombre,categoria,precio) VALUES (1702,'monitor','IU-computo',1401000);
INSERT INTO producto (id_producto,nombre,categoria,precio) VALUES (1712,'monitor','PO-computo',1421000);
INSERT INTO producto (id_producto,nombre,categoria,precio) VALUES (1722,'monitor','PB-computo',1441000);
INSERT INTO producto (id_producto,nombre,categoria,precio) VALUES (1732,'monitor','SQ-computo',1461000);
INSERT INTO producto (id_producto,nombre,categoria,precio) VALUES (1742,'monitor','QZ-computo',1481000);
INSERT INTO producto (id_producto,nombre,categoria,precio) VALUES (1752,'monitor','US-computo',1501000);
INSERT INTO producto (id_producto,nombre,categoria,precio) VALUES (1613,'monitor','XR-computo',1221000);
INSERT INTO producto (id_producto,nombre,categoria,precio) VALUES (1623,'monitor','OO-computo',1241000);
INSERT INTO producto (id_producto,nombre,categoria,precio) VALUES (1633,'monitor','FN-computo',1261000);
INSERT INTO producto (id_producto,nombre,categoria,precio) VALUES (1643,'monitor','ET-computo',1281000);
INSERT INTO producto (id_producto,nombre,categoria,precio) VALUES (1653,'monitor','ID-computo',1301000);
INSERT INTO producto (id_producto,nombre,categoria,precio) VALUES (1663,'monitor','MU-computo',1321000);
INSERT INTO producto (id_producto,nombre,categoria,precio) VALUES (1673,'monitor','XB-computo',1341000);
INSERT INTO producto (id_producto,nombre,categoria,precio) VALUES (1683,'monitor','WH-computo',1361000);
INSERT INTO producto (id_producto,nombre,categoria,precio) VALUES (1693,'monitor','PO-computo',1381000);
INSERT INTO producto (id_producto,nombre,categoria,precio) VALUES (1703,'monitor','IU-computo',1401000);
INSERT INTO producto (id_producto,nombre,categoria,precio) VALUES (1713,'monitor','PO-computo',1421000);
INSERT INTO producto (id_producto,nombre,categoria,precio) VALUES (1723,'monitor','PB-computo',1441000);
INSERT INTO producto (id_producto,nombre,categoria,precio) VALUES (1733,'monitor','SQ-computo',1461000);
INSERT INTO producto (id_producto,nombre,categoria,precio) VALUES (1743,'monitor','QZ-computo',1481000);
INSERT INTO producto (id_producto,nombre,categoria,precio) VALUES (1753,'monitor','US-computo',1501000);
INSERT INTO producto (id_producto,nombre,categoria,precio) VALUES (1614,'monitor','XR-computo',1221000);
INSERT INTO producto (id_producto,nombre,categoria,precio) VALUES (1624,'monitor','OO-computo',1241000);
INSERT INTO producto (id_producto,nombre,categoria,precio) VALUES (1634,'monitor','FN-computo',1261000);
INSERT INTO producto (id_producto,nombre,categoria,precio) VALUES (1644,'monitor','ET-computo',1281000);
INSERT INTO producto (id_producto,nombre,categoria,precio) VALUES (1654,'monitor','ID-computo',1301000);
INSERT INTO producto (id_producto,nombre,categoria,precio) VALUES (1664,'monitor','MU-computo',1321000);
INSERT INTO producto (id_producto,nombre,categoria,precio) VALUES (1674,'monitor','XB-computo',1341000);
INSERT INTO producto (id_producto,nombre,categoria,precio) VALUES (1684,'monitor','WH-computo',1361000);
INSERT INTO producto (id_producto,nombre,categoria,precio) VALUES (1694,'monitor','PO-computo',1381000);
INSERT INTO producto (id_producto,nombre,categoria,precio) VALUES (1704,'monitor','IU-computo',1401000);
INSERT INTO producto (id_producto,nombre,categoria,precio) VALUES (1714,'monitor','PO-computo',1421000);
INSERT INTO producto (id_producto,nombre,categoria,precio) VALUES (1724,'monitor','PB-computo',1441000);
INSERT INTO producto (id_producto,nombre,categoria,precio) VALUES (1734,'monitor','SQ-computo',1461000);
INSERT INTO producto (id_producto,nombre,categoria,precio) VALUES (1744,'monitor','QZ-computo',1481000);
INSERT INTO producto (id_producto,nombre,categoria,precio) VALUES (1754,'monitor','US-computo',1501000);
INSERT INTO producto (id_producto,nombre,categoria,precio) VALUES (1615,'monitor','XR-computo',1221000);
INSERT INTO producto (id_producto,nombre,categoria,precio) VALUES (1625,'monitor','OO-computo',1241000);
INSERT INTO producto (id_producto,nombre,categoria,precio) VALUES (1635,'monitor','FN-computo',1261000);
INSERT INTO producto (id_producto,nombre,categoria,precio) VALUES (1645,'monitor','ET-computo',1281000);
INSERT INTO producto (id_producto,nombre,categoria,precio) VALUES (1655,'monitor','ID-computo',1301000);
INSERT INTO producto (id_producto,nombre,categoria,precio) VALUES (1665,'monitor','MU-computo',1321000);
INSERT INTO producto (id_producto,nombre,categoria,precio) VALUES (1675,'monitor','XB-computo',1341000);
INSERT INTO producto (id_producto,nombre,categoria,precio) VALUES (1685,'monitor','WH-computo',1361000);
INSERT INTO producto (id_producto,nombre,categoria,precio) VALUES (1695,'monitor','PO-computo',1381000);
INSERT INTO producto (id_producto,nombre,categoria,precio) VALUES (1705,'monitor','IU-computo',1401000);
INSERT INTO producto (id_producto,nombre,categoria,precio) VALUES (1715,'monitor','PO-computo',1421000);
INSERT INTO producto (id_producto,nombre,categoria,precio) VALUES (1725,'monitor','PB-computo',1441000);
INSERT INTO producto (id_producto,nombre,categoria,precio) VALUES (1735,'monitor','SQ-computo',1461000);
INSERT INTO producto (id_producto,nombre,categoria,precio) VALUES (1745,'monitor','QZ-computo',1481000);
INSERT INTO producto (id_producto,nombre,categoria,precio) VALUES (1755,'monitor','US-computo',1501000);
INSERT INTO producto (id_producto,nombre,categoria,precio) VALUES (1757,'monitor','MX-computo',1001000);
INSERT INTO producto (id_producto,nombre,categoria,precio) VALUES (1759,'monitor','FR-computo',1101010);
INSERT INTO producto (id_producto,nombre,categoria,precio) VALUES (1760,'monitor','ND-computo',1001000);
INSERT INTO producto (id_producto,nombre,categoria,precio) VALUES (1768,'monitor','US-computo',1320000);
INSERT INTO producto (id_producto,nombre,categoria,precio) VALUES (1777,'monitor','BR-computo',1240000);
INSERT INTO producto (id_producto,nombre,categoria,precio) VALUES (1778,'monitor','MX-computo',1180000);
INSERT INTO producto (id_producto,nombre,categoria,precio) VALUES (1779,'monitor','BG-computo',1040000);
INSERT INTO producto (id_producto,nombre,categoria,precio) VALUES (1780,'monitor','CA-computo',1002000);
INSERT INTO producto (id_producto,nombre,categoria,precio) VALUES (1787,'monitor','IT-computo',1302000);
INSERT INTO producto (id_producto,nombre,categoria,precio) VALUES (1788,'monitor','NH-computo',1110000);
INSERT INTO producto (id_producto,nombre,categoria,precio) VALUES (1789,'monitor','CA-computo',1503000);

INSERT INTO producto (id_producto,nombre,categoria,precio) VALUES (176,'tarjeta_grafica','SL-computo',1521000);
INSERT INTO producto (id_producto,nombre,categoria,precio) VALUES (177,'tarjeta_grafica','XN-computo',1541000);
INSERT INTO producto (id_producto,nombre,categoria,precio) VALUES (178,'tarjeta_grafica','OK-computo',1561000);
INSERT INTO producto (id_producto,nombre,categoria,precio) VALUES (179,'tarjeta_grafica','BG-computo',1581000);
INSERT INTO producto (id_producto,nombre,categoria,precio) VALUES (180,'tarjeta_grafica','WA-computo',1601000);
INSERT INTO producto (id_producto,nombre,categoria,precio) VALUES (181,'tarjeta_grafica','EZ-computo',1621000);
INSERT INTO producto (id_producto,nombre,categoria,precio) VALUES (182,'tarjeta_grafica','ZE-computo',1641000);
INSERT INTO producto (id_producto,nombre,categoria,precio) VALUES (183,'tarjeta_grafica','YS-computo',1661000);
INSERT INTO producto (id_producto,nombre,categoria,precio) VALUES (184,'tarjeta_grafica','GU-computo',1681000);
INSERT INTO producto (id_producto,nombre,categoria,precio) VALUES (185,'tarjeta_grafica','EA-computo',1701000);
INSERT INTO producto (id_producto,nombre,categoria,precio) VALUES (186,'tarjeta_grafica','YZ-computo',1721000);
INSERT INTO producto (id_producto,nombre,categoria,precio) VALUES (187,'tarjeta_grafica','TA-computo',1741000);
INSERT INTO producto (id_producto,nombre,categoria,precio) VALUES (188,'tarjeta_grafica','IG-computo',1761000);
INSERT INTO producto (id_producto,nombre,categoria,precio) VALUES (189,'tarjeta_grafica','XV-computo',1781000);
INSERT INTO producto (id_producto,nombre,categoria,precio) VALUES (190,'tarjeta_grafica','RW-computo',1801000);
INSERT INTO producto (id_producto,nombre,categoria,precio) VALUES (191,'tarjeta_grafica','CQ-computo',1821000);
INSERT INTO producto (id_producto,nombre,categoria,precio) VALUES (192,'tarjeta_grafica','XB-computo',1841000);
INSERT INTO producto (id_producto,nombre,categoria,precio) VALUES (193,'tarjeta_grafica','SZ-computo',1861000);
INSERT INTO producto (id_producto,nombre,categoria,precio) VALUES (194,'tarjeta_grafica','MX-computo',1881000);
INSERT INTO producto (id_producto,nombre,categoria,precio) VALUES (195,'tarjeta_grafica','ZR-computo',1901000);
INSERT INTO producto (id_producto,nombre,categoria,precio) VALUES (196,'tarjeta_grafica','KV-computo',1921000);
INSERT INTO producto (id_producto,nombre,categoria,precio) VALUES (197,'tarjeta_grafica','AV-computo',1941000);
INSERT INTO producto (id_producto,nombre,categoria,precio) VALUES (198,'tarjeta_grafica','DF-computo',1961000);
INSERT INTO producto (id_producto,nombre,categoria,precio) VALUES (199,'tarjeta_grafica','OV-computo',1981000);
INSERT INTO producto (id_producto,nombre,categoria,precio) VALUES (1761,'tarjeta_grafica','SL-computo',1521000);
INSERT INTO producto (id_producto,nombre,categoria,precio) VALUES (1771,'tarjeta_grafica','XN-computo',1541000);
INSERT INTO producto (id_producto,nombre,categoria,precio) VALUES (1781,'tarjeta_grafica','OK-computo',1561000);
INSERT INTO producto (id_producto,nombre,categoria,precio) VALUES (1791,'tarjeta_grafica','BG-computo',1581000);
INSERT INTO producto (id_producto,nombre,categoria,precio) VALUES (1801,'tarjeta_grafica','WA-computo',1601000);
INSERT INTO producto (id_producto,nombre,categoria,precio) VALUES (1811,'tarjeta_grafica','EZ-computo',1621000);
INSERT INTO producto (id_producto,nombre,categoria,precio) VALUES (1821,'tarjeta_grafica','ZE-computo',1641000);
INSERT INTO producto (id_producto,nombre,categoria,precio) VALUES (1831,'tarjeta_grafica','YS-computo',1661000);
INSERT INTO producto (id_producto,nombre,categoria,precio) VALUES (1841,'tarjeta_grafica','GU-computo',1681000);
INSERT INTO producto (id_producto,nombre,categoria,precio) VALUES (1851,'tarjeta_grafica','EA-computo',1701000);
INSERT INTO producto (id_producto,nombre,categoria,precio) VALUES (1861,'tarjeta_grafica','YZ-computo',1721000);
INSERT INTO producto (id_producto,nombre,categoria,precio) VALUES (1871,'tarjeta_grafica','TA-computo',1741000);
INSERT INTO producto (id_producto,nombre,categoria,precio) VALUES (1881,'tarjeta_grafica','IG-computo',1761000);
INSERT INTO producto (id_producto,nombre,categoria,precio) VALUES (1891,'tarjeta_grafica','XV-computo',1781000);
INSERT INTO producto (id_producto,nombre,categoria,precio) VALUES (1901,'tarjeta_grafica','RW-computo',1801000);
INSERT INTO producto (id_producto,nombre,categoria,precio) VALUES (1911,'tarjeta_grafica','CQ-computo',1821000);
INSERT INTO producto (id_producto,nombre,categoria,precio) VALUES (1921,'tarjeta_grafica','XB-computo',1841000);
INSERT INTO producto (id_producto,nombre,categoria,precio) VALUES (1931,'tarjeta_grafica','SZ-computo',1861000);
INSERT INTO producto (id_producto,nombre,categoria,precio) VALUES (1941,'tarjeta_grafica','MX-computo',1881000);
INSERT INTO producto (id_producto,nombre,categoria,precio) VALUES (1951,'tarjeta_grafica','ZR-computo',1901000);
INSERT INTO producto (id_producto,nombre,categoria,precio) VALUES (1961,'tarjeta_grafica','KV-computo',1921000);
INSERT INTO producto (id_producto,nombre,categoria,precio) VALUES (1971,'tarjeta_grafica','AV-computo',1941000);
INSERT INTO producto (id_producto,nombre,categoria,precio) VALUES (1981,'tarjeta_grafica','DF-computo',1961000);
INSERT INTO producto (id_producto,nombre,categoria,precio) VALUES (1991,'tarjeta_grafica','OV-computo',1981000);
INSERT INTO producto (id_producto,nombre,categoria,precio) VALUES (1762,'tarjeta_grafica','SL-computo',1521000);
INSERT INTO producto (id_producto,nombre,categoria,precio) VALUES (1772,'tarjeta_grafica','XN-computo',1541000);
INSERT INTO producto (id_producto,nombre,categoria,precio) VALUES (1782,'tarjeta_grafica','OK-computo',1561000);
INSERT INTO producto (id_producto,nombre,categoria,precio) VALUES (1792,'tarjeta_grafica','BG-computo',1581000);
INSERT INTO producto (id_producto,nombre,categoria,precio) VALUES (1802,'tarjeta_grafica','WA-computo',1601000);
INSERT INTO producto (id_producto,nombre,categoria,precio) VALUES (1812,'tarjeta_grafica','EZ-computo',1621000);
INSERT INTO producto (id_producto,nombre,categoria,precio) VALUES (1822,'tarjeta_grafica','ZE-computo',1641000);
INSERT INTO producto (id_producto,nombre,categoria,precio) VALUES (1832,'tarjeta_grafica','YS-computo',1661000);
INSERT INTO producto (id_producto,nombre,categoria,precio) VALUES (1842,'tarjeta_grafica','GU-computo',1681000);
INSERT INTO producto (id_producto,nombre,categoria,precio) VALUES (1852,'tarjeta_grafica','EA-computo',1701000);
INSERT INTO producto (id_producto,nombre,categoria,precio) VALUES (1862,'tarjeta_grafica','YZ-computo',1721000);
INSERT INTO producto (id_producto,nombre,categoria,precio) VALUES (1872,'tarjeta_grafica','TA-computo',1741000);
INSERT INTO producto (id_producto,nombre,categoria,precio) VALUES (1882,'tarjeta_grafica','IG-computo',1761000);
INSERT INTO producto (id_producto,nombre,categoria,precio) VALUES (1892,'tarjeta_grafica','XV-computo',1781000);
INSERT INTO producto (id_producto,nombre,categoria,precio) VALUES (1902,'tarjeta_grafica','RW-computo',1801000);
INSERT INTO producto (id_producto,nombre,categoria,precio) VALUES (1912,'tarjeta_grafica','CQ-computo',1821000);
INSERT INTO producto (id_producto,nombre,categoria,precio) VALUES (1922,'tarjeta_grafica','XB-computo',1841000);
INSERT INTO producto (id_producto,nombre,categoria,precio) VALUES (1932,'tarjeta_grafica','SZ-computo',1861000);
INSERT INTO producto (id_producto,nombre,categoria,precio) VALUES (1942,'tarjeta_grafica','MX-computo',1881000);
INSERT INTO producto (id_producto,nombre,categoria,precio) VALUES (1952,'tarjeta_grafica','ZR-computo',1901000);
INSERT INTO producto (id_producto,nombre,categoria,precio) VALUES (1962,'tarjeta_grafica','KV-computo',1921000);
INSERT INTO producto (id_producto,nombre,categoria,precio) VALUES (1972,'tarjeta_grafica','AV-computo',1941000);
INSERT INTO producto (id_producto,nombre,categoria,precio) VALUES (1982,'tarjeta_grafica','DF-computo',1961000);
INSERT INTO producto (id_producto,nombre,categoria,precio) VALUES (1992,'tarjeta_grafica','OV-computo',1981000);
INSERT INTO producto (id_producto,nombre,categoria,precio) VALUES (1763,'tarjeta_grafica','SL-computo',1521000);
INSERT INTO producto (id_producto,nombre,categoria,precio) VALUES (1773,'tarjeta_grafica','XN-computo',1541000);
INSERT INTO producto (id_producto,nombre,categoria,precio) VALUES (1783,'tarjeta_grafica','OK-computo',1561000);
INSERT INTO producto (id_producto,nombre,categoria,precio) VALUES (1793,'tarjeta_grafica','BG-computo',1581000);
INSERT INTO producto (id_producto,nombre,categoria,precio) VALUES (1803,'tarjeta_grafica','WA-computo',1601000);
INSERT INTO producto (id_producto,nombre,categoria,precio) VALUES (1813,'tarjeta_grafica','EZ-computo',1621000);
INSERT INTO producto (id_producto,nombre,categoria,precio) VALUES (1823,'tarjeta_grafica','ZE-computo',1641000);
INSERT INTO producto (id_producto,nombre,categoria,precio) VALUES (1833,'tarjeta_grafica','YS-computo',1661000);
INSERT INTO producto (id_producto,nombre,categoria,precio) VALUES (1843,'tarjeta_grafica','GU-computo',1681000);
INSERT INTO producto (id_producto,nombre,categoria,precio) VALUES (1853,'tarjeta_grafica','EA-computo',1701000);
INSERT INTO producto (id_producto,nombre,categoria,precio) VALUES (1863,'tarjeta_grafica','YZ-computo',1721000);
INSERT INTO producto (id_producto,nombre,categoria,precio) VALUES (1873,'tarjeta_grafica','TA-computo',1741000);
INSERT INTO producto (id_producto,nombre,categoria,precio) VALUES (1883,'tarjeta_grafica','IG-computo',1761000);
INSERT INTO producto (id_producto,nombre,categoria,precio) VALUES (1893,'tarjeta_grafica','XV-computo',1781000);
INSERT INTO producto (id_producto,nombre,categoria,precio) VALUES (1903,'tarjeta_grafica','RW-computo',1801000);
INSERT INTO producto (id_producto,nombre,categoria,precio) VALUES (1913,'tarjeta_grafica','CQ-computo',1821000);
INSERT INTO producto (id_producto,nombre,categoria,precio) VALUES (1923,'tarjeta_grafica','XB-computo',1841000);
INSERT INTO producto (id_producto,nombre,categoria,precio) VALUES (1933,'tarjeta_grafica','SZ-computo',1861000);
INSERT INTO producto (id_producto,nombre,categoria,precio) VALUES (1943,'tarjeta_grafica','MX-computo',1881000);
INSERT INTO producto (id_producto,nombre,categoria,precio) VALUES (1953,'tarjeta_grafica','ZR-computo',1901000);
INSERT INTO producto (id_producto,nombre,categoria,precio) VALUES (1963,'tarjeta_grafica','KV-computo',1921000);
INSERT INTO producto (id_producto,nombre,categoria,precio) VALUES (1973,'tarjeta_grafica','AV-computo',1941000);
INSERT INTO producto (id_producto,nombre,categoria,precio) VALUES (1983,'tarjeta_grafica','DF-computo',1961000);
INSERT INTO producto (id_producto,nombre,categoria,precio) VALUES (1993,'tarjeta_grafica','OV-computo',1981000);
INSERT INTO producto (id_producto,nombre,categoria,precio) VALUES (1764,'tarjeta_grafica','SL-computo',1521000);
INSERT INTO producto (id_producto,nombre,categoria,precio) VALUES (1774,'tarjeta_grafica','XN-computo',1541000);
INSERT INTO producto (id_producto,nombre,categoria,precio) VALUES (1784,'tarjeta_grafica','OK-computo',1561000);
INSERT INTO producto (id_producto,nombre,categoria,precio) VALUES (1794,'tarjeta_grafica','BG-computo',1581000);
INSERT INTO producto (id_producto,nombre,categoria,precio) VALUES (1804,'tarjeta_grafica','WA-computo',1601000);
INSERT INTO producto (id_producto,nombre,categoria,precio) VALUES (1814,'tarjeta_grafica','EZ-computo',1621000);
INSERT INTO producto (id_producto,nombre,categoria,precio) VALUES (1824,'tarjeta_grafica','ZE-computo',1641000);
INSERT INTO producto (id_producto,nombre,categoria,precio) VALUES (1834,'tarjeta_grafica','YS-computo',1661000);
INSERT INTO producto (id_producto,nombre,categoria,precio) VALUES (1844,'tarjeta_grafica','GU-computo',1681000);
INSERT INTO producto (id_producto,nombre,categoria,precio) VALUES (1854,'tarjeta_grafica','EA-computo',1701000);
INSERT INTO producto (id_producto,nombre,categoria,precio) VALUES (1864,'tarjeta_grafica','YZ-computo',1721000);
INSERT INTO producto (id_producto,nombre,categoria,precio) VALUES (1874,'tarjeta_grafica','TA-computo',1741000);
INSERT INTO producto (id_producto,nombre,categoria,precio) VALUES (1884,'tarjeta_grafica','IG-computo',1761000);
INSERT INTO producto (id_producto,nombre,categoria,precio) VALUES (1894,'tarjeta_grafica','XV-computo',1781000);
INSERT INTO producto (id_producto,nombre,categoria,precio) VALUES (1904,'tarjeta_grafica','RW-computo',1801000);
INSERT INTO producto (id_producto,nombre,categoria,precio) VALUES (1914,'tarjeta_grafica','CQ-computo',1821000);
INSERT INTO producto (id_producto,nombre,categoria,precio) VALUES (1924,'tarjeta_grafica','XB-computo',1841000);
INSERT INTO producto (id_producto,nombre,categoria,precio) VALUES (1934,'tarjeta_grafica','SZ-computo',1861000);
INSERT INTO producto (id_producto,nombre,categoria,precio) VALUES (1944,'tarjeta_grafica','MX-computo',1881000);
INSERT INTO producto (id_producto,nombre,categoria,precio) VALUES (1954,'tarjeta_grafica','ZR-computo',1901000);
INSERT INTO producto (id_producto,nombre,categoria,precio) VALUES (1964,'tarjeta_grafica','KV-computo',1921000);
INSERT INTO producto (id_producto,nombre,categoria,precio) VALUES (1974,'tarjeta_grafica','AV-computo',1941000);
INSERT INTO producto (id_producto,nombre,categoria,precio) VALUES (1984,'tarjeta_grafica','DF-computo',1961000);
INSERT INTO producto (id_producto,nombre,categoria,precio) VALUES (1994,'tarjeta_grafica','OV-computo',1981000);
INSERT INTO producto (id_producto,nombre,categoria,precio) VALUES (1765,'tarjeta_grafica','SL-computo',1521000);
INSERT INTO producto (id_producto,nombre,categoria,precio) VALUES (1775,'tarjeta_grafica','XN-computo',1541000);
INSERT INTO producto (id_producto,nombre,categoria,precio) VALUES (1785,'tarjeta_grafica','OK-computo',1561000);
INSERT INTO producto (id_producto,nombre,categoria,precio) VALUES (1795,'tarjeta_grafica','BG-computo',1581000);
INSERT INTO producto (id_producto,nombre,categoria,precio) VALUES (1805,'tarjeta_grafica','WA-computo',1601000);
INSERT INTO producto (id_producto,nombre,categoria,precio) VALUES (1815,'tarjeta_grafica','EZ-computo',1621000);
INSERT INTO producto (id_producto,nombre,categoria,precio) VALUES (1825,'tarjeta_grafica','ZE-computo',1641000);
INSERT INTO producto (id_producto,nombre,categoria,precio) VALUES (1835,'tarjeta_grafica','YS-computo',1661000);
INSERT INTO producto (id_producto,nombre,categoria,precio) VALUES (1845,'tarjeta_grafica','GU-computo',1681000);
INSERT INTO producto (id_producto,nombre,categoria,precio) VALUES (1855,'tarjeta_grafica','EA-computo',1701000);
INSERT INTO producto (id_producto,nombre,categoria,precio) VALUES (1865,'tarjeta_grafica','YZ-computo',1721000);
INSERT INTO producto (id_producto,nombre,categoria,precio) VALUES (1875,'tarjeta_grafica','TA-computo',1741000);
INSERT INTO producto (id_producto,nombre,categoria,precio) VALUES (1885,'tarjeta_grafica','IG-computo',1761000);
INSERT INTO producto (id_producto,nombre,categoria,precio) VALUES (1895,'tarjeta_grafica','XV-computo',1781000);
INSERT INTO producto (id_producto,nombre,categoria,precio) VALUES (1905,'tarjeta_grafica','RW-computo',1801000);
INSERT INTO producto (id_producto,nombre,categoria,precio) VALUES (1915,'tarjeta_grafica','CQ-computo',1821000);
INSERT INTO producto (id_producto,nombre,categoria,precio) VALUES (1925,'tarjeta_grafica','XB-computo',1841000);
INSERT INTO producto (id_producto,nombre,categoria,precio) VALUES (1935,'tarjeta_grafica','SZ-computo',1861000);
INSERT INTO producto (id_producto,nombre,categoria,precio) VALUES (1945,'tarjeta_grafica','MX-computo',1881000);
INSERT INTO producto (id_producto,nombre,categoria,precio) VALUES (1955,'tarjeta_grafica','ZR-computo',1901000);
INSERT INTO producto (id_producto,nombre,categoria,precio) VALUES (1965,'tarjeta_grafica','KV-computo',1921000);
INSERT INTO producto (id_producto,nombre,categoria,precio) VALUES (1975,'tarjeta_grafica','AV-computo',1941000);
INSERT INTO producto (id_producto,nombre,categoria,precio) VALUES (1985,'tarjeta_grafica','DF-computo',1961000);
INSERT INTO producto (id_producto,nombre,categoria,precio) VALUES (1995,'tarjeta_grafica','OV-computo',1981000);

INSERT INTO producto (id_producto,nombre,categoria,precio) VALUES (201,'tarjeta_red','US-homputo',21000);
INSERT INTO producto (id_producto,nombre,categoria,precio) VALUES (202,'tarjeta_red','MF-pomputo',41000);
INSERT INTO producto (id_producto,nombre,categoria,precio) VALUES (203,'tarjeta_red','GW-womputo',61000);
INSERT INTO producto (id_producto,nombre,categoria,precio) VALUES (204,'tarjeta_red','MD-qomputo',81000);
INSERT INTO producto (id_producto,nombre,categoria,precio) VALUES (205,'tarjeta_red','NF-fomputo',101000);
INSERT INTO producto (id_producto,nombre,categoria,precio) VALUES (206,'tarjeta_red','AK-homputo',121000);
INSERT INTO producto (id_producto,nombre,categoria,precio) VALUES (207,'tarjeta_red','HW-vomputo',141000);
INSERT INTO producto (id_producto,nombre,categoria,precio) VALUES (208,'tarjeta_red','TJ-tomputo',161000);
INSERT INTO producto (id_producto,nombre,categoria,precio) VALUES (209,'tarjeta_red','IE-tomputo',181000);
INSERT INTO producto (id_producto,nombre,categoria,precio) VALUES (210,'tarjeta_red','BA-domputo',201000);
INSERT INTO producto (id_producto,nombre,categoria,precio) VALUES (211,'tarjeta_red','TI-xomputo',221000);
INSERT INTO producto (id_producto,nombre,categoria,precio) VALUES (212,'tarjeta_red','BO-domputo',241000);
INSERT INTO producto (id_producto,nombre,categoria,precio) VALUES (213,'tarjeta_red','ZQ-qomputo',261000);
INSERT INTO producto (id_producto,nombre,categoria,precio) VALUES (214,'tarjeta_red','QP-xomputo',281000);
INSERT INTO producto (id_producto,nombre,categoria,precio) VALUES (215,'tarjeta_red','SG-somputo',301000);
INSERT INTO producto (id_producto,nombre,categoria,precio) VALUES (216,'tarjeta_red','PE-pomputo',321000);
INSERT INTO producto (id_producto,nombre,categoria,precio) VALUES (217,'tarjeta_red','QW-jomputo',341000);
INSERT INTO producto (id_producto,nombre,categoria,precio) VALUES (218,'tarjeta_red','HD-vomputo',361000);
INSERT INTO producto (id_producto,nombre,categoria,precio) VALUES (219,'tarjeta_red','VU-womputo',381000);
INSERT INTO producto (id_producto,nombre,categoria,precio) VALUES (220,'tarjeta_red','DB-pomputo',401000);
INSERT INTO producto (id_producto,nombre,categoria,precio) VALUES (221,'tarjeta_red','TC-bomputo',421000);
INSERT INTO producto (id_producto,nombre,categoria,precio) VALUES (222,'tarjeta_red','AW-xomputo',441000);
INSERT INTO producto (id_producto,nombre,categoria,precio) VALUES (223,'tarjeta_red','LD-womputo',461000);
INSERT INTO producto (id_producto,nombre,categoria,precio) VALUES (224,'tarjeta_red','YV-bomputo',481000);
INSERT INTO producto (id_producto,nombre,categoria,precio) VALUES (225,'tarjeta_red','GC-fomputo',501000);
INSERT INTO producto (id_producto,nombre,categoria,precio) VALUES (226,'tarjeta_red','MZ-jomputo',521000);
INSERT INTO producto (id_producto,nombre,categoria,precio) VALUES (227,'tarjeta_red','NS-nomputo',541000);
INSERT INTO producto (id_producto,nombre,categoria,precio) VALUES (228,'tarjeta_red','KF-lomputo',561000);
INSERT INTO producto (id_producto,nombre,categoria,precio) VALUES (229,'tarjeta_red','PN-nomputo',581000);
INSERT INTO producto (id_producto,nombre,categoria,precio) VALUES (230,'tarjeta_red','GZ-zomputo',601000);
INSERT INTO producto (id_producto,nombre,categoria,precio) VALUES (231,'tarjeta_red','SI-lomputo',621000);
INSERT INTO producto (id_producto,nombre,categoria,precio) VALUES (232,'tarjeta_red','FG-nomputo',641000);
INSERT INTO producto (id_producto,nombre,categoria,precio) VALUES (233,'tarjeta_red','LS-lomputo',661000);
INSERT INTO producto (id_producto,nombre,categoria,precio) VALUES (234,'tarjeta_red','RO-jomputo',681000);
INSERT INTO producto (id_producto,nombre,categoria,precio) VALUES (235,'tarjeta_red','WI-bomputo',701000);
INSERT INTO producto (id_producto,nombre,categoria,precio) VALUES (236,'tarjeta_red','AU-xomputo',721000);
INSERT INTO producto (id_producto,nombre,categoria,precio) VALUES (237,'tarjeta_red','FG-tomputo',741000);
INSERT INTO producto (id_producto,nombre,categoria,precio) VALUES (238,'tarjeta_red','CH-tomputo',761000);
INSERT INTO producto (id_producto,nombre,categoria,precio) VALUES (239,'tarjeta_red','SG-tomputo',781000);
INSERT INTO producto (id_producto,nombre,categoria,precio) VALUES (240,'tarjeta_red','ZG-zomputo',801000);
INSERT INTO producto (id_producto,nombre,categoria,precio) VALUES (241,'tarjeta_red','TV-zomputo',821000);
INSERT INTO producto (id_producto,nombre,categoria,precio) VALUES (242,'tarjeta_red','MQ-nomputo',841000);
INSERT INTO producto (id_producto,nombre,categoria,precio) VALUES (243,'tarjeta_red','NE-pomputo',861000);
INSERT INTO producto (id_producto,nombre,categoria,precio) VALUES (244,'tarjeta_red','CQ-zomputo',881000);
INSERT INTO producto (id_producto,nombre,categoria,precio) VALUES (245,'tarjeta_red','BE-qomputo',901000);
INSERT INTO producto (id_producto,nombre,categoria,precio) VALUES (246,'tarjeta_red','AR-xomputo',921000);
INSERT INTO producto (id_producto,nombre,categoria,precio) VALUES (247,'tarjeta_red','NY-nomputo',941000);
INSERT INTO producto (id_producto,nombre,categoria,precio) VALUES (248,'tarjeta_red','QE-somputo',961000);
INSERT INTO producto (id_producto,nombre,categoria,precio) VALUES (2011,'tarjeta_red','US-homputo',21000);
INSERT INTO producto (id_producto,nombre,categoria,precio) VALUES (2021,'tarjeta_red','MF-pomputo',41000);
INSERT INTO producto (id_producto,nombre,categoria,precio) VALUES (2031,'tarjeta_red','GW-womputo',61000);
INSERT INTO producto (id_producto,nombre,categoria,precio) VALUES (2041,'tarjeta_red','MD-qomputo',81000);
INSERT INTO producto (id_producto,nombre,categoria,precio) VALUES (2051,'tarjeta_red','NF-fomputo',101000);
INSERT INTO producto (id_producto,nombre,categoria,precio) VALUES (2061,'tarjeta_red','AK-homputo',121000);
INSERT INTO producto (id_producto,nombre,categoria,precio) VALUES (2071,'tarjeta_red','HW-vomputo',141000);
INSERT INTO producto (id_producto,nombre,categoria,precio) VALUES (2081,'tarjeta_red','TJ-tomputo',161000);
INSERT INTO producto (id_producto,nombre,categoria,precio) VALUES (2091,'tarjeta_red','IE-tomputo',181000);
INSERT INTO producto (id_producto,nombre,categoria,precio) VALUES (2101,'tarjeta_red','BA-domputo',201000);
INSERT INTO producto (id_producto,nombre,categoria,precio) VALUES (2111,'tarjeta_red','TI-xomputo',221000);
INSERT INTO producto (id_producto,nombre,categoria,precio) VALUES (2121,'tarjeta_red','BO-domputo',241000);
INSERT INTO producto (id_producto,nombre,categoria,precio) VALUES (2131,'tarjeta_red','ZQ-qomputo',261000);
INSERT INTO producto (id_producto,nombre,categoria,precio) VALUES (2141,'tarjeta_red','QP-xomputo',281000);
INSERT INTO producto (id_producto,nombre,categoria,precio) VALUES (2151,'tarjeta_red','SG-somputo',301000);
INSERT INTO producto (id_producto,nombre,categoria,precio) VALUES (2161,'tarjeta_red','PE-pomputo',321000);
INSERT INTO producto (id_producto,nombre,categoria,precio) VALUES (2171,'tarjeta_red','QW-jomputo',341000);
INSERT INTO producto (id_producto,nombre,categoria,precio) VALUES (2181,'tarjeta_red','HD-vomputo',361000);
INSERT INTO producto (id_producto,nombre,categoria,precio) VALUES (2191,'tarjeta_red','VU-womputo',381000);
INSERT INTO producto (id_producto,nombre,categoria,precio) VALUES (2201,'tarjeta_red','DB-pomputo',401000);
INSERT INTO producto (id_producto,nombre,categoria,precio) VALUES (2211,'tarjeta_red','TC-bomputo',421000);
INSERT INTO producto (id_producto,nombre,categoria,precio) VALUES (2221,'tarjeta_red','AW-xomputo',441000);
INSERT INTO producto (id_producto,nombre,categoria,precio) VALUES (2231,'tarjeta_red','LD-womputo',461000);
INSERT INTO producto (id_producto,nombre,categoria,precio) VALUES (2241,'tarjeta_red','YV-bomputo',481000);
INSERT INTO producto (id_producto,nombre,categoria,precio) VALUES (2251,'tarjeta_red','GC-fomputo',501000);
INSERT INTO producto (id_producto,nombre,categoria,precio) VALUES (2261,'tarjeta_red','MZ-jomputo',521000);
INSERT INTO producto (id_producto,nombre,categoria,precio) VALUES (2271,'tarjeta_red','NS-nomputo',541000);
INSERT INTO producto (id_producto,nombre,categoria,precio) VALUES (2281,'tarjeta_red','KF-lomputo',561000);
INSERT INTO producto (id_producto,nombre,categoria,precio) VALUES (2291,'tarjeta_red','PN-nomputo',581000);
INSERT INTO producto (id_producto,nombre,categoria,precio) VALUES (2301,'tarjeta_red','GZ-zomputo',601000);
INSERT INTO producto (id_producto,nombre,categoria,precio) VALUES (2311,'tarjeta_red','SI-lomputo',621000);
INSERT INTO producto (id_producto,nombre,categoria,precio) VALUES (2321,'tarjeta_red','FG-nomputo',641000);
INSERT INTO producto (id_producto,nombre,categoria,precio) VALUES (2331,'tarjeta_red','LS-lomputo',661000);
INSERT INTO producto (id_producto,nombre,categoria,precio) VALUES (2341,'tarjeta_red','RO-jomputo',681000);
INSERT INTO producto (id_producto,nombre,categoria,precio) VALUES (2351,'tarjeta_red','WI-bomputo',701000);
INSERT INTO producto (id_producto,nombre,categoria,precio) VALUES (2361,'tarjeta_red','AU-xomputo',721000);
INSERT INTO producto (id_producto,nombre,categoria,precio) VALUES (2371,'tarjeta_red','FG-tomputo',741000);
INSERT INTO producto (id_producto,nombre,categoria,precio) VALUES (2381,'tarjeta_red','CH-tomputo',761000);
INSERT INTO producto (id_producto,nombre,categoria,precio) VALUES (2391,'tarjeta_red','SG-tomputo',781000);
INSERT INTO producto (id_producto,nombre,categoria,precio) VALUES (2401,'tarjeta_red','ZG-zomputo',801000);
INSERT INTO producto (id_producto,nombre,categoria,precio) VALUES (2411,'tarjeta_red','TV-zomputo',821000);
INSERT INTO producto (id_producto,nombre,categoria,precio) VALUES (2421,'tarjeta_red','MQ-nomputo',841000);
INSERT INTO producto (id_producto,nombre,categoria,precio) VALUES (2431,'tarjeta_red','NE-pomputo',861000);
INSERT INTO producto (id_producto,nombre,categoria,precio) VALUES (2441,'tarjeta_red','CQ-zomputo',881000);
INSERT INTO producto (id_producto,nombre,categoria,precio) VALUES (2451,'tarjeta_red','BE-qomputo',901000);
INSERT INTO producto (id_producto,nombre,categoria,precio) VALUES (2461,'tarjeta_red','AR-xomputo',921000);
INSERT INTO producto (id_producto,nombre,categoria,precio) VALUES (2471,'tarjeta_red','NY-nomputo',941000);
INSERT INTO producto (id_producto,nombre,categoria,precio) VALUES (2481,'tarjeta_red','QE-somputo',961000);
INSERT INTO producto (id_producto,nombre,categoria,precio) VALUES (2012,'tarjeta_red','US-homputo',21000);
INSERT INTO producto (id_producto,nombre,categoria,precio) VALUES (2022,'tarjeta_red','MF-pomputo',41000);
INSERT INTO producto (id_producto,nombre,categoria,precio) VALUES (2032,'tarjeta_red','GW-womputo',61000);
INSERT INTO producto (id_producto,nombre,categoria,precio) VALUES (2042,'tarjeta_red','MD-qomputo',81000);
INSERT INTO producto (id_producto,nombre,categoria,precio) VALUES (2052,'tarjeta_red','NF-fomputo',101000);
INSERT INTO producto (id_producto,nombre,categoria,precio) VALUES (2062,'tarjeta_red','AK-homputo',121000);
INSERT INTO producto (id_producto,nombre,categoria,precio) VALUES (2072,'tarjeta_red','HW-vomputo',141000);
INSERT INTO producto (id_producto,nombre,categoria,precio) VALUES (2082,'tarjeta_red','TJ-tomputo',161000);
INSERT INTO producto (id_producto,nombre,categoria,precio) VALUES (2092,'tarjeta_red','IE-tomputo',181000);
INSERT INTO producto (id_producto,nombre,categoria,precio) VALUES (2102,'tarjeta_red','BA-domputo',201000);
INSERT INTO producto (id_producto,nombre,categoria,precio) VALUES (2112,'tarjeta_red','TI-xomputo',221000);
INSERT INTO producto (id_producto,nombre,categoria,precio) VALUES (2122,'tarjeta_red','BO-domputo',241000);
INSERT INTO producto (id_producto,nombre,categoria,precio) VALUES (2132,'tarjeta_red','ZQ-qomputo',261000);
INSERT INTO producto (id_producto,nombre,categoria,precio) VALUES (2142,'tarjeta_red','QP-xomputo',281000);
INSERT INTO producto (id_producto,nombre,categoria,precio) VALUES (2152,'tarjeta_red','SG-somputo',301000);
INSERT INTO producto (id_producto,nombre,categoria,precio) VALUES (2162,'tarjeta_red','PE-pomputo',321000);
INSERT INTO producto (id_producto,nombre,categoria,precio) VALUES (2172,'tarjeta_red','QW-jomputo',341000);
INSERT INTO producto (id_producto,nombre,categoria,precio) VALUES (2182,'tarjeta_red','HD-vomputo',361000);
INSERT INTO producto (id_producto,nombre,categoria,precio) VALUES (2192,'tarjeta_red','VU-womputo',381000);
INSERT INTO producto (id_producto,nombre,categoria,precio) VALUES (2202,'tarjeta_red','DB-pomputo',401000);
INSERT INTO producto (id_producto,nombre,categoria,precio) VALUES (2212,'tarjeta_red','TC-bomputo',421000);
INSERT INTO producto (id_producto,nombre,categoria,precio) VALUES (2222,'tarjeta_red','AW-xomputo',441000);
INSERT INTO producto (id_producto,nombre,categoria,precio) VALUES (2232,'tarjeta_red','LD-womputo',461000);
INSERT INTO producto (id_producto,nombre,categoria,precio) VALUES (2242,'tarjeta_red','YV-bomputo',481000);
INSERT INTO producto (id_producto,nombre,categoria,precio) VALUES (2252,'tarjeta_red','GC-fomputo',501000);
INSERT INTO producto (id_producto,nombre,categoria,precio) VALUES (2262,'tarjeta_red','MZ-jomputo',521000);
INSERT INTO producto (id_producto,nombre,categoria,precio) VALUES (2272,'tarjeta_red','NS-nomputo',541000);
INSERT INTO producto (id_producto,nombre,categoria,precio) VALUES (2282,'tarjeta_red','KF-lomputo',561000);
INSERT INTO producto (id_producto,nombre,categoria,precio) VALUES (2292,'tarjeta_red','PN-nomputo',581000);
INSERT INTO producto (id_producto,nombre,categoria,precio) VALUES (2302,'tarjeta_red','GZ-zomputo',601000);
INSERT INTO producto (id_producto,nombre,categoria,precio) VALUES (2312,'tarjeta_red','SI-lomputo',621000);
INSERT INTO producto (id_producto,nombre,categoria,precio) VALUES (2322,'tarjeta_red','FG-nomputo',641000);
INSERT INTO producto (id_producto,nombre,categoria,precio) VALUES (2332,'tarjeta_red','LS-lomputo',661000);
INSERT INTO producto (id_producto,nombre,categoria,precio) VALUES (2342,'tarjeta_red','RO-jomputo',681000);
INSERT INTO producto (id_producto,nombre,categoria,precio) VALUES (2352,'tarjeta_red','WI-bomputo',701000);
INSERT INTO producto (id_producto,nombre,categoria,precio) VALUES (2362,'tarjeta_red','AU-xomputo',721000);
INSERT INTO producto (id_producto,nombre,categoria,precio) VALUES (2372,'tarjeta_red','FG-tomputo',741000);
INSERT INTO producto (id_producto,nombre,categoria,precio) VALUES (2382,'tarjeta_red','CH-tomputo',761000);
INSERT INTO producto (id_producto,nombre,categoria,precio) VALUES (2392,'tarjeta_red','SG-tomputo',781000);
INSERT INTO producto (id_producto,nombre,categoria,precio) VALUES (2402,'tarjeta_red','ZG-zomputo',801000);
INSERT INTO producto (id_producto,nombre,categoria,precio) VALUES (2412,'tarjeta_red','TV-zomputo',821000);
INSERT INTO producto (id_producto,nombre,categoria,precio) VALUES (2422,'tarjeta_red','MQ-nomputo',841000);
INSERT INTO producto (id_producto,nombre,categoria,precio) VALUES (2432,'tarjeta_red','NE-pomputo',861000);
INSERT INTO producto (id_producto,nombre,categoria,precio) VALUES (2442,'tarjeta_red','CQ-zomputo',881000);
INSERT INTO producto (id_producto,nombre,categoria,precio) VALUES (2452,'tarjeta_red','BE-qomputo',901000);
INSERT INTO producto (id_producto,nombre,categoria,precio) VALUES (2462,'tarjeta_red','AR-xomputo',921000);
INSERT INTO producto (id_producto,nombre,categoria,precio) VALUES (2472,'tarjeta_red','NY-nomputo',941000);
INSERT INTO producto (id_producto,nombre,categoria,precio) VALUES (2482,'tarjeta_red','QE-somputo',961000);
INSERT INTO producto (id_producto,nombre,categoria,precio) VALUES (2013,'tarjeta_red','US-homputo',21000);
INSERT INTO producto (id_producto,nombre,categoria,precio) VALUES (2023,'tarjeta_red','MF-pomputo',41000);
INSERT INTO producto (id_producto,nombre,categoria,precio) VALUES (2033,'tarjeta_red','GW-womputo',61000);
INSERT INTO producto (id_producto,nombre,categoria,precio) VALUES (2043,'tarjeta_red','MD-qomputo',81000);
INSERT INTO producto (id_producto,nombre,categoria,precio) VALUES (2053,'tarjeta_red','NF-fomputo',101000);
INSERT INTO producto (id_producto,nombre,categoria,precio) VALUES (2063,'tarjeta_red','AK-homputo',121000);
INSERT INTO producto (id_producto,nombre,categoria,precio) VALUES (2073,'tarjeta_red','HW-vomputo',141000);
INSERT INTO producto (id_producto,nombre,categoria,precio) VALUES (2083,'tarjeta_red','TJ-tomputo',161000);
INSERT INTO producto (id_producto,nombre,categoria,precio) VALUES (2093,'tarjeta_red','IE-tomputo',181000);
INSERT INTO producto (id_producto,nombre,categoria,precio) VALUES (2103,'tarjeta_red','BA-domputo',201000);
INSERT INTO producto (id_producto,nombre,categoria,precio) VALUES (2113,'tarjeta_red','TI-xomputo',221000);
INSERT INTO producto (id_producto,nombre,categoria,precio) VALUES (2123,'tarjeta_red','BO-domputo',241000);
INSERT INTO producto (id_producto,nombre,categoria,precio) VALUES (2133,'tarjeta_red','ZQ-qomputo',261000);
INSERT INTO producto (id_producto,nombre,categoria,precio) VALUES (2143,'tarjeta_red','QP-xomputo',281000);
INSERT INTO producto (id_producto,nombre,categoria,precio) VALUES (2153,'tarjeta_red','SG-somputo',301000);
INSERT INTO producto (id_producto,nombre,categoria,precio) VALUES (2163,'tarjeta_red','PE-pomputo',321000);
INSERT INTO producto (id_producto,nombre,categoria,precio) VALUES (2173,'tarjeta_red','QW-jomputo',341000);
INSERT INTO producto (id_producto,nombre,categoria,precio) VALUES (2183,'tarjeta_red','HD-vomputo',361000);
INSERT INTO producto (id_producto,nombre,categoria,precio) VALUES (2193,'tarjeta_red','VU-womputo',381000);
INSERT INTO producto (id_producto,nombre,categoria,precio) VALUES (2203,'tarjeta_red','DB-pomputo',401000);
INSERT INTO producto (id_producto,nombre,categoria,precio) VALUES (2213,'tarjeta_red','TC-bomputo',421000);
INSERT INTO producto (id_producto,nombre,categoria,precio) VALUES (2223,'tarjeta_red','AW-xomputo',441000);
INSERT INTO producto (id_producto,nombre,categoria,precio) VALUES (2233,'tarjeta_red','LD-womputo',461000);
INSERT INTO producto (id_producto,nombre,categoria,precio) VALUES (2243,'tarjeta_red','YV-bomputo',481000);
INSERT INTO producto (id_producto,nombre,categoria,precio) VALUES (2253,'tarjeta_red','GC-fomputo',501000);
INSERT INTO producto (id_producto,nombre,categoria,precio) VALUES (2263,'tarjeta_red','MZ-jomputo',521000);
INSERT INTO producto (id_producto,nombre,categoria,precio) VALUES (2273,'tarjeta_red','NS-nomputo',541000);
INSERT INTO producto (id_producto,nombre,categoria,precio) VALUES (2283,'tarjeta_red','KF-lomputo',561000);
INSERT INTO producto (id_producto,nombre,categoria,precio) VALUES (2293,'tarjeta_red','PN-nomputo',581000);
INSERT INTO producto (id_producto,nombre,categoria,precio) VALUES (2303,'tarjeta_red','GZ-zomputo',601000);
INSERT INTO producto (id_producto,nombre,categoria,precio) VALUES (2313,'tarjeta_red','SI-lomputo',621000);
INSERT INTO producto (id_producto,nombre,categoria,precio) VALUES (2323,'tarjeta_red','FG-nomputo',641000);
INSERT INTO producto (id_producto,nombre,categoria,precio) VALUES (2333,'tarjeta_red','LS-lomputo',661000);
INSERT INTO producto (id_producto,nombre,categoria,precio) VALUES (2343,'tarjeta_red','RO-jomputo',681000);
INSERT INTO producto (id_producto,nombre,categoria,precio) VALUES (2353,'tarjeta_red','WI-bomputo',701000);
INSERT INTO producto (id_producto,nombre,categoria,precio) VALUES (2363,'tarjeta_red','AU-xomputo',721000);
INSERT INTO producto (id_producto,nombre,categoria,precio) VALUES (2373,'tarjeta_red','FG-tomputo',741000);
INSERT INTO producto (id_producto,nombre,categoria,precio) VALUES (2383,'tarjeta_red','CH-tomputo',761000);
INSERT INTO producto (id_producto,nombre,categoria,precio) VALUES (2393,'tarjeta_red','SG-tomputo',781000);
INSERT INTO producto (id_producto,nombre,categoria,precio) VALUES (2403,'tarjeta_red','ZG-zomputo',801000);
INSERT INTO producto (id_producto,nombre,categoria,precio) VALUES (2413,'tarjeta_red','TV-zomputo',821000);
INSERT INTO producto (id_producto,nombre,categoria,precio) VALUES (2423,'tarjeta_red','MQ-nomputo',841000);
INSERT INTO producto (id_producto,nombre,categoria,precio) VALUES (2433,'tarjeta_red','NE-pomputo',861000);
INSERT INTO producto (id_producto,nombre,categoria,precio) VALUES (2443,'tarjeta_red','CQ-zomputo',881000);
INSERT INTO producto (id_producto,nombre,categoria,precio) VALUES (2453,'tarjeta_red','BE-qomputo',901000);
INSERT INTO producto (id_producto,nombre,categoria,precio) VALUES (2463,'tarjeta_red','AR-xomputo',921000);
INSERT INTO producto (id_producto,nombre,categoria,precio) VALUES (2473,'tarjeta_red','NY-nomputo',941000);
INSERT INTO producto (id_producto,nombre,categoria,precio) VALUES (2483,'tarjeta_red','QE-somputo',961000);
INSERT INTO producto (id_producto,nombre,categoria,precio) VALUES (2014,'tarjeta_red','US-homputo',21000);
INSERT INTO producto (id_producto,nombre,categoria,precio) VALUES (2024,'tarjeta_red','MF-pomputo',41000);
INSERT INTO producto (id_producto,nombre,categoria,precio) VALUES (2034,'tarjeta_red','GW-womputo',61000);
INSERT INTO producto (id_producto,nombre,categoria,precio) VALUES (2044,'tarjeta_red','MD-qomputo',81000);
INSERT INTO producto (id_producto,nombre,categoria,precio) VALUES (2054,'tarjeta_red','NF-fomputo',101000);
INSERT INTO producto (id_producto,nombre,categoria,precio) VALUES (2064,'tarjeta_red','AK-homputo',121000);
INSERT INTO producto (id_producto,nombre,categoria,precio) VALUES (2074,'tarjeta_red','HW-vomputo',141000);
INSERT INTO producto (id_producto,nombre,categoria,precio) VALUES (2084,'tarjeta_red','TJ-tomputo',161000);
INSERT INTO producto (id_producto,nombre,categoria,precio) VALUES (2094,'tarjeta_red','IE-tomputo',181000);
INSERT INTO producto (id_producto,nombre,categoria,precio) VALUES (2104,'tarjeta_red','BA-domputo',201000);
INSERT INTO producto (id_producto,nombre,categoria,precio) VALUES (2114,'tarjeta_red','TI-xomputo',221000);
INSERT INTO producto (id_producto,nombre,categoria,precio) VALUES (2124,'tarjeta_red','BO-domputo',241000);
INSERT INTO producto (id_producto,nombre,categoria,precio) VALUES (2134,'tarjeta_red','ZQ-qomputo',261000);
INSERT INTO producto (id_producto,nombre,categoria,precio) VALUES (2144,'tarjeta_red','QP-xomputo',281000);
INSERT INTO producto (id_producto,nombre,categoria,precio) VALUES (2154,'tarjeta_red','SG-somputo',301000);
INSERT INTO producto (id_producto,nombre,categoria,precio) VALUES (2164,'tarjeta_red','PE-pomputo',321000);
INSERT INTO producto (id_producto,nombre,categoria,precio) VALUES (2174,'tarjeta_red','QW-jomputo',341000);
INSERT INTO producto (id_producto,nombre,categoria,precio) VALUES (2184,'tarjeta_red','HD-vomputo',361000);
INSERT INTO producto (id_producto,nombre,categoria,precio) VALUES (2194,'tarjeta_red','VU-womputo',381000);
INSERT INTO producto (id_producto,nombre,categoria,precio) VALUES (2204,'tarjeta_red','DB-pomputo',401000);
INSERT INTO producto (id_producto,nombre,categoria,precio) VALUES (2214,'tarjeta_red','TC-bomputo',421000);
INSERT INTO producto (id_producto,nombre,categoria,precio) VALUES (2224,'tarjeta_red','AW-xomputo',441000);
INSERT INTO producto (id_producto,nombre,categoria,precio) VALUES (2234,'tarjeta_red','LD-womputo',461000);
INSERT INTO producto (id_producto,nombre,categoria,precio) VALUES (2244,'tarjeta_red','YV-bomputo',481000);
INSERT INTO producto (id_producto,nombre,categoria,precio) VALUES (2254,'tarjeta_red','GC-fomputo',501000);
INSERT INTO producto (id_producto,nombre,categoria,precio) VALUES (2264,'tarjeta_red','MZ-jomputo',521000);
INSERT INTO producto (id_producto,nombre,categoria,precio) VALUES (2274,'tarjeta_red','NS-nomputo',541000);
INSERT INTO producto (id_producto,nombre,categoria,precio) VALUES (2284,'tarjeta_red','KF-lomputo',561000);
INSERT INTO producto (id_producto,nombre,categoria,precio) VALUES (2294,'tarjeta_red','PN-nomputo',581000);
INSERT INTO producto (id_producto,nombre,categoria,precio) VALUES (2304,'tarjeta_red','GZ-zomputo',601000);
INSERT INTO producto (id_producto,nombre,categoria,precio) VALUES (2314,'tarjeta_red','SI-lomputo',621000);
INSERT INTO producto (id_producto,nombre,categoria,precio) VALUES (2324,'tarjeta_red','FG-nomputo',641000);
INSERT INTO producto (id_producto,nombre,categoria,precio) VALUES (2334,'tarjeta_red','LS-lomputo',661000);
INSERT INTO producto (id_producto,nombre,categoria,precio) VALUES (2344,'tarjeta_red','RO-jomputo',681000);
INSERT INTO producto (id_producto,nombre,categoria,precio) VALUES (2354,'tarjeta_red','WI-bomputo',701000);
INSERT INTO producto (id_producto,nombre,categoria,precio) VALUES (2364,'tarjeta_red','AU-xomputo',721000);
INSERT INTO producto (id_producto,nombre,categoria,precio) VALUES (2374,'tarjeta_red','FG-tomputo',741000);
INSERT INTO producto (id_producto,nombre,categoria,precio) VALUES (2384,'tarjeta_red','CH-tomputo',761000);
INSERT INTO producto (id_producto,nombre,categoria,precio) VALUES (2394,'tarjeta_red','SG-tomputo',781000);
INSERT INTO producto (id_producto,nombre,categoria,precio) VALUES (2404,'tarjeta_red','ZG-zomputo',801000);
INSERT INTO producto (id_producto,nombre,categoria,precio) VALUES (2414,'tarjeta_red','TV-zomputo',821000);
INSERT INTO producto (id_producto,nombre,categoria,precio) VALUES (2424,'tarjeta_red','MQ-nomputo',841000);
INSERT INTO producto (id_producto,nombre,categoria,precio) VALUES (2434,'tarjeta_red','NE-pomputo',861000);
INSERT INTO producto (id_producto,nombre,categoria,precio) VALUES (2444,'tarjeta_red','CQ-zomputo',881000);
INSERT INTO producto (id_producto,nombre,categoria,precio) VALUES (2454,'tarjeta_red','BE-qomputo',901000);
INSERT INTO producto (id_producto,nombre,categoria,precio) VALUES (2464,'tarjeta_red','AR-xomputo',921000);
INSERT INTO producto (id_producto,nombre,categoria,precio) VALUES (2474,'tarjeta_red','NY-nomputo',941000);
INSERT INTO producto (id_producto,nombre,categoria,precio) VALUES (2484,'tarjeta_red','QE-somputo',961000);

INSERT INTO producto (id_producto,nombre,categoria,precio) VALUES (249,'tarjeta-sonido','AL-komputo',981000);
INSERT INTO producto (id_producto,nombre,categoria,precio) VALUES (250,'tarjeta-sonido','IG-romputo',1001000);
INSERT INTO producto (id_producto,nombre,categoria,precio) VALUES (251,'tarjeta-sonido','YJ-yomputo',1021000);
INSERT INTO producto (id_producto,nombre,categoria,precio) VALUES (252,'tarjeta-sonido','DM-somputo',1041000);
INSERT INTO producto (id_producto,nombre,categoria,precio) VALUES (253,'tarjeta-sonido','FY-gomputo',1061000);
INSERT INTO producto (id_producto,nombre,categoria,precio) VALUES (254,'tarjeta-sonido','OQ-fomputo',1081000);
INSERT INTO producto (id_producto,nombre,categoria,precio) VALUES (255,'tarjeta-sonido','PJ-jomputo',1101000);
INSERT INTO producto (id_producto,nombre,categoria,precio) VALUES (256,'tarjeta-sonido','WL-bomputo',1121000);
INSERT INTO producto (id_producto,nombre,categoria,precio) VALUES (257,'tarjeta-sonido','JP-gomputo',1141000);
INSERT INTO producto (id_producto,nombre,categoria,precio) VALUES (258,'tarjeta-sonido','DN-nomputo',1161000);
INSERT INTO producto (id_producto,nombre,categoria,precio) VALUES (259,'tarjeta-sonido','RN-jomputo',1181000);
INSERT INTO producto (id_producto,nombre,categoria,precio) VALUES (260,'tarjeta-sonido','OQ-domputo',1201000);
INSERT INTO producto (id_producto,nombre,categoria,precio) VALUES (261,'tarjeta-sonido','XR-momputo',1221000);
INSERT INTO producto (id_producto,nombre,categoria,precio) VALUES (262,'tarjeta-sonido','OO-womputo',1241000);
INSERT INTO producto (id_producto,nombre,categoria,precio) VALUES (263,'tarjeta-sonido','FN-nomputo',1261000);
INSERT INTO producto (id_producto,nombre,categoria,precio) VALUES (264,'tarjeta-sonido','ET-vomputo',1281000);
INSERT INTO producto (id_producto,nombre,categoria,precio) VALUES (265,'tarjeta-sonido','ID-somputo',1301000);
INSERT INTO producto (id_producto,nombre,categoria,precio) VALUES (266,'tarjeta-sonido','MU-somputo',1321000);
INSERT INTO producto (id_producto,nombre,categoria,precio) VALUES (267,'tarjeta-sonido','XB-qomputo',1341000);
INSERT INTO producto (id_producto,nombre,categoria,precio) VALUES (268,'tarjeta-sonido','WH-qomputo',1361000);
INSERT INTO producto (id_producto,nombre,categoria,precio) VALUES (269,'tarjeta-sonido','PO-komputo',1381000);
INSERT INTO producto (id_producto,nombre,categoria,precio) VALUES (270,'tarjeta-sonido','IU-lomputo',1401000);
INSERT INTO producto (id_producto,nombre,categoria,precio) VALUES (271,'tarjeta-sonido','PO-fomputo',1421000);
INSERT INTO producto (id_producto,nombre,categoria,precio) VALUES (272,'tarjeta-sonido','PB-pomputo',1441000);
INSERT INTO producto (id_producto,nombre,categoria,precio) VALUES (273,'tarjeta-sonido','SQ-fomputo',1461000);
INSERT INTO producto (id_producto,nombre,categoria,precio) VALUES (274,'tarjeta-sonido','QZ-tomputo',1481000);
INSERT INTO producto (id_producto,nombre,categoria,precio) VALUES (275,'tarjeta-sonido','US-romputo',1501000);
INSERT INTO producto (id_producto,nombre,categoria,precio) VALUES (276,'tarjeta-sonido','SL-qomputo',1521000);
INSERT INTO producto (id_producto,nombre,categoria,precio) VALUES (277,'tarjeta-sonido','XN-womputo',1541000);
INSERT INTO producto (id_producto,nombre,categoria,precio) VALUES (278,'tarjeta-sonido','OK-zomputo',1561000);
INSERT INTO producto (id_producto,nombre,categoria,precio) VALUES (279,'tarjeta-sonido','BG-bomputo',1581000);
INSERT INTO producto (id_producto,nombre,categoria,precio) VALUES (280,'tarjeta-sonido','WA-komputo',1601000);
INSERT INTO producto (id_producto,nombre,categoria,precio) VALUES (281,'tarjeta-sonido','EZ-zomputo',1621000);
INSERT INTO producto (id_producto,nombre,categoria,precio) VALUES (282,'tarjeta-sonido','ZE-domputo',1641000);
INSERT INTO producto (id_producto,nombre,categoria,precio) VALUES (283,'tarjeta-sonido','YS-yomputo',1661000);
INSERT INTO producto (id_producto,nombre,categoria,precio) VALUES (284,'tarjeta-sonido','GU-zomputo',1681000);
INSERT INTO producto (id_producto,nombre,categoria,precio) VALUES (285,'tarjeta-sonido','EA-jomputo',1701000);
INSERT INTO producto (id_producto,nombre,categoria,precio) VALUES (286,'tarjeta-sonido','YZ-vomputo',1721000);
INSERT INTO producto (id_producto,nombre,categoria,precio) VALUES (287,'tarjeta-sonido','TA-momputo',1741000);
INSERT INTO producto (id_producto,nombre,categoria,precio) VALUES (288,'tarjeta-sonido','IG-somputo',1761000);
INSERT INTO producto (id_producto,nombre,categoria,precio) VALUES (289,'tarjeta-sonido','XV-nomputo',1781000);
INSERT INTO producto (id_producto,nombre,categoria,precio) VALUES (290,'tarjeta-sonido','RW-zomputo',1801000);
INSERT INTO producto (id_producto,nombre,categoria,precio) VALUES (291,'tarjeta-sonido','CQ-bomputo',1821000);
INSERT INTO producto (id_producto,nombre,categoria,precio) VALUES (292,'tarjeta-sonido','XB-pomputo',1841000);
INSERT INTO producto (id_producto,nombre,categoria,precio) VALUES (293,'tarjeta-sonido','SZ-computo',1861000);
INSERT INTO producto (id_producto,nombre,categoria,precio) VALUES (294,'tarjeta-sonido','MX-pomputo',1881000);
INSERT INTO producto (id_producto,nombre,categoria,precio) VALUES (295,'tarjeta-sonido','ZR-gomputo',1901000);
INSERT INTO producto (id_producto,nombre,categoria,precio) VALUES (296,'tarjeta-sonido','KV-yomputo',1921000);
INSERT INTO producto (id_producto,nombre,categoria,precio) VALUES (297,'tarjeta-sonido','AV-xomputo',1941000);
INSERT INTO producto (id_producto,nombre,categoria,precio) VALUES (298,'tarjeta-sonido','DF-vomputo',1961000);
INSERT INTO producto (id_producto,nombre,categoria,precio) VALUES (299,'tarjeta-sonido','OV-zomputo',1981000);
INSERT INTO producto (id_producto,nombre,categoria,precio) VALUES (300,'tarjeta-sonido','AH-computo',1981000);
INSERT INTO producto (id_producto,nombre,categoria,precio) VALUES (301,'tarjeta-sonido','DF-computo',2001000);
INSERT INTO producto (id_producto,nombre,categoria,precio) VALUES (302,'tarjeta-sonido','KV-computo',2021000);
INSERT INTO producto (id_producto,nombre,categoria,precio) VALUES (303,'tarjeta-sonido','ZR-computo',2041000);
INSERT INTO producto (id_producto,nombre,categoria,precio) VALUES (304,'tarjeta-sonido','ZR-computo',2061000);
INSERT INTO producto (id_producto,nombre,categoria,precio) VALUES (305,'tarjeta-sonido','MX-computo',2081000);
INSERT INTO producto (id_producto,nombre,categoria,precio) VALUES (306,'tarjeta-sonido','MX-computo',2101000);
INSERT INTO producto (id_producto,nombre,categoria,precio) VALUES (307,'tarjeta-sonido','AH-computo',2121000);
INSERT INTO producto (id_producto,nombre,categoria,precio) VALUES (308,'tarjeta-sonido','KV-computo',2141000);
INSERT INTO producto (id_producto,nombre,categoria,precio) VALUES (309,'tarjeta-sonido','DF-computo',2161000);
INSERT INTO producto (id_producto,nombre,categoria,precio) VALUES (310,'tarjeta-sonido','ZR-computo',2181000);
INSERT INTO producto (id_producto,nombre,categoria,precio) VALUES (311,'tarjeta-sonido','MX-computo',2201000);
INSERT INTO producto (id_producto,nombre,categoria,precio) VALUES (312,'tarjeta-sonido','PO-computo',2221000);
INSERT INTO producto (id_producto,nombre,categoria,precio) VALUES (313,'tarjeta-sonido','XN-computo',2241000);
INSERT INTO producto (id_producto,nombre,categoria,precio) VALUES (314,'tarjeta-sonido','AH-computo',2261000);
INSERT INTO producto (id_producto,nombre,categoria,precio) VALUES (315,'tarjeta-sonido','DF-computo',2281000);
INSERT INTO producto (id_producto,nombre,categoria,precio) VALUES (316,'tarjeta-sonido','KV-computo',2301000);
INSERT INTO producto (id_producto,nombre,categoria,precio) VALUES (317,'tarjeta-sonido','ZR-computo',2321000);
INSERT INTO producto (id_producto,nombre,categoria,precio) VALUES (318,'tarjeta-sonido','MX-computo',2341000);
INSERT INTO producto (id_producto,nombre,categoria,precio) VALUES (319,'tarjeta-sonido','PO-computo',2361000);
INSERT INTO producto (id_producto,nombre,categoria,precio) VALUES (320,'tarjeta-sonido','XN-computo',2381000);
INSERT INTO producto (id_producto,nombre,categoria,precio) VALUES (321,'tarjeta-sonido','AH-computo',2401000);
INSERT INTO producto (id_producto,nombre,categoria,precio) VALUES (322,'tarjeta-sonido','KV-computo',2421000);
INSERT INTO producto (id_producto,nombre,categoria,precio) VALUES (323,'tarjeta-sonido','DF-computo',2441000);
INSERT INTO producto (id_producto,nombre,categoria,precio) VALUES (324,'tarjeta-sonido','ZR-computo',2461000);
INSERT INTO producto (id_producto,nombre,categoria,precio) VALUES (325,'tarjeta-sonido','MX-computo',2481000);
INSERT INTO producto (id_producto,nombre,categoria,precio) VALUES (326,'tarjeta-sonido','PO-computo',2501000);
INSERT INTO producto (id_producto,nombre,categoria,precio) VALUES (327,'tarjeta-sonido','AH-computo',2521000);
INSERT INTO producto (id_producto,nombre,categoria,precio) VALUES (328,'tarjeta-sonido','DF-computo',2541000);
INSERT INTO producto (id_producto,nombre,categoria,precio) VALUES (329,'tarjeta-sonido','KV-computo',2561000);
INSERT INTO producto (id_producto,nombre,categoria,precio) VALUES (330,'tarjeta-sonido','MX-computo',2581000);
INSERT INTO producto (id_producto,nombre,categoria,precio) VALUES (331,'tarjeta-sonido','ZR-computo',2601000);
INSERT INTO producto (id_producto,nombre,categoria,precio) VALUES (332,'tarjeta-sonido','PO-computo',2621000);
INSERT INTO producto (id_producto,nombre,categoria,precio) VALUES (333,'tarjeta-sonido','MX-computo',2641000);
INSERT INTO producto (id_producto,nombre,categoria,precio) VALUES (334,'tarjeta-sonido','AH-computo',2661000);
INSERT INTO producto (id_producto,nombre,categoria,precio) VALUES (335,'tarjeta-sonido','DF-computo',2681000);
INSERT INTO producto (id_producto,nombre,categoria,precio) VALUES (336,'tarjeta-sonido','KV-computo',2701000);
INSERT INTO producto (id_producto,nombre,categoria,precio) VALUES (337,'tarjeta-sonido','PO-computo',2721000);
INSERT INTO producto (id_producto,nombre,categoria,precio) VALUES (338,'tarjeta-sonido','ZR-computo',2741000);
INSERT INTO producto (id_producto,nombre,categoria,precio) VALUES (339,'tarjeta-sonido','PO-computo',2761000);
INSERT INTO producto (id_producto,nombre,categoria,precio) VALUES (340,'tarjeta-sonido','XN-computo',2781000);
INSERT INTO producto (id_producto,nombre,categoria,precio) VALUES (341,'tarjeta-sonido','AH-computo',2801000);
INSERT INTO producto (id_producto,nombre,categoria,precio) VALUES (342,'tarjeta-sonido','DF-computo',2821000);
INSERT INTO producto (id_producto,nombre,categoria,precio) VALUES (343,'tarjeta-sonido','KV-computo',2841000);
INSERT INTO producto (id_producto,nombre,categoria,precio) VALUES (344,'tarjeta-sonido','MX-computo',2861000);
INSERT INTO producto (id_producto,nombre,categoria,precio) VALUES (345,'tarjeta-sonido','ZR-computo',2881000);
INSERT INTO producto (id_producto,nombre,categoria,precio) VALUES (346,'tarjeta-sonido','MX-computo',2901000);
INSERT INTO producto (id_producto,nombre,categoria,precio) VALUES (347,'tarjeta-sonido','ZR-computo',2921000);
INSERT INTO producto (id_producto,nombre,categoria,precio) VALUES (348,'tarjeta-sonido','AH-computo',2941000);
INSERT INTO producto (id_producto,nombre,categoria,precio) VALUES (349,'tarjeta-sonido','DF-computo',2961000);
INSERT INTO producto (id_producto,nombre,categoria,precio) VALUES (350,'tarjeta-sonido','KV-computo',2981000);

--datos tarjeta de sonido
INSERT INTO "tarjeta_sonido" (id_producto,canales,interfaces) VALUES (250,'2','firewire');
INSERT INTO "tarjeta_sonido" (id_producto,canales,interfaces) VALUES (251,'5.1','pci');
INSERT INTO "tarjeta_sonido" (id_producto,canales,interfaces) VALUES (252,'7.1','usb');
INSERT INTO "tarjeta_sonido" (id_producto,canales,interfaces) VALUES (253,'2','firewire');
INSERT INTO "tarjeta_sonido" (id_producto,canales,interfaces) VALUES (254,'5.1','pci');
INSERT INTO "tarjeta_sonido" (id_producto,canales,interfaces) VALUES (255,'7.1','usb');
INSERT INTO "tarjeta_sonido" (id_producto,canales,interfaces) VALUES (256,'2','firewire');
INSERT INTO "tarjeta_sonido" (id_producto,canales,interfaces) VALUES (257,'5.1','pci');
INSERT INTO "tarjeta_sonido" (id_producto,canales,interfaces) VALUES (258,'7.1','usb');
INSERT INTO "tarjeta_sonido" (id_producto,canales,interfaces) VALUES (259,'2','firewire');
INSERT INTO "tarjeta_sonido" (id_producto,canales,interfaces) VALUES (260,'5.1','pci');
INSERT INTO "tarjeta_sonido" (id_producto,canales,interfaces) VALUES (261,'7.1','usb');
INSERT INTO "tarjeta_sonido" (id_producto,canales,interfaces) VALUES (262,'2','firewire');
INSERT INTO "tarjeta_sonido" (id_producto,canales,interfaces) VALUES (263,'5.1','pci');
INSERT INTO "tarjeta_sonido" (id_producto,canales,interfaces) VALUES (264,'7.1','usb');
INSERT INTO "tarjeta_sonido" (id_producto,canales,interfaces) VALUES (265,'2','firewire');
INSERT INTO "tarjeta_sonido" (id_producto,canales,interfaces) VALUES (266,'5.1','pci');
INSERT INTO "tarjeta_sonido" (id_producto,canales,interfaces) VALUES (267,'7.1','usb');
INSERT INTO "tarjeta_sonido" (id_producto,canales,interfaces) VALUES (268,'2','firewire');
INSERT INTO "tarjeta_sonido" (id_producto,canales,interfaces) VALUES (269,'5.1','pci');
INSERT INTO "tarjeta_sonido" (id_producto,canales,interfaces) VALUES (270,'7.1','usb');
INSERT INTO "tarjeta_sonido" (id_producto,canales,interfaces) VALUES (271,'2','firewire');
INSERT INTO "tarjeta_sonido" (id_producto,canales,interfaces) VALUES (272,'5.1','pci');
INSERT INTO "tarjeta_sonido" (id_producto,canales,interfaces) VALUES (273,'7.1','usb');
INSERT INTO "tarjeta_sonido" (id_producto,canales,interfaces) VALUES (274,'2','firewire');
INSERT INTO "tarjeta_sonido" (id_producto,canales,interfaces) VALUES (275,'5.1','pci');
INSERT INTO "tarjeta_sonido" (id_producto,canales,interfaces) VALUES (276,'7.1','usb');
INSERT INTO "tarjeta_sonido" (id_producto,canales,interfaces) VALUES (277,'2','firewire');
INSERT INTO "tarjeta_sonido" (id_producto,canales,interfaces) VALUES (278,'5.1','pci');
INSERT INTO "tarjeta_sonido" (id_producto,canales,interfaces) VALUES (279,'7.1','usb');
INSERT INTO "tarjeta_sonido" (id_producto,canales,interfaces) VALUES (280,'2','firewire');
INSERT INTO "tarjeta_sonido" (id_producto,canales,interfaces) VALUES (281,'5.1','pci');
INSERT INTO "tarjeta_sonido" (id_producto,canales,interfaces) VALUES (282,'7.1','usb');
INSERT INTO "tarjeta_sonido" (id_producto,canales,interfaces) VALUES (283,'2','firewire');
INSERT INTO "tarjeta_sonido" (id_producto,canales,interfaces) VALUES (284,'5.1','pci');
INSERT INTO "tarjeta_sonido" (id_producto,canales,interfaces) VALUES (285,'7.1','usb');
INSERT INTO "tarjeta_sonido" (id_producto,canales,interfaces) VALUES (286,'2','firewire');
INSERT INTO "tarjeta_sonido" (id_producto,canales,interfaces) VALUES (287,'5.1','pci');
INSERT INTO "tarjeta_sonido" (id_producto,canales,interfaces) VALUES (288,'7.1','usb');
INSERT INTO "tarjeta_sonido" (id_producto,canales,interfaces) VALUES (289,'2','firewire');
INSERT INTO "tarjeta_sonido" (id_producto,canales,interfaces) VALUES (290,'5.1','pci');
INSERT INTO "tarjeta_sonido" (id_producto,canales,interfaces) VALUES (291,'7.1','usb');
INSERT INTO "tarjeta_sonido" (id_producto,canales,interfaces) VALUES (292,'2','firewire');
INSERT INTO "tarjeta_sonido" (id_producto,canales,interfaces) VALUES (293,'5.1','pci');
INSERT INTO "tarjeta_sonido" (id_producto,canales,interfaces) VALUES (294,'7.1','usb');
INSERT INTO "tarjeta_sonido" (id_producto,canales,interfaces) VALUES (295,'2','firewire');
INSERT INTO "tarjeta_sonido" (id_producto,canales,interfaces) VALUES (296,'5.1','pci');
INSERT INTO "tarjeta_sonido" (id_producto,canales,interfaces) VALUES (297,'7.1','usb');
INSERT INTO "tarjeta_sonido" (id_producto,canales,interfaces) VALUES (298,'2','firewire');
INSERT INTO "tarjeta_sonido" (id_producto,canales,interfaces) VALUES (299,'5.1','pci');
INSERT INTO "tarjeta_sonido" (id_producto,canales,interfaces) VALUES (300,'2','pci');
INSERT INTO "tarjeta_sonido" (id_producto,canales,interfaces) VALUES (301,'5.1','pci');
INSERT INTO "tarjeta_sonido" (id_producto,canales,interfaces) VALUES (302,'7.1','firewire');
INSERT INTO "tarjeta_sonido" (id_producto,canales,interfaces) VALUES (303,'5.1','pci');
INSERT INTO "tarjeta_sonido" (id_producto,canales,interfaces) VALUES (304,'5.1','pci');
INSERT INTO "tarjeta_sonido" (id_producto,canales,interfaces) VALUES (305,'7.1','usb');
INSERT INTO "tarjeta_sonido" (id_producto,canales,interfaces) VALUES (306,'7.1','pci');
INSERT INTO "tarjeta_sonido" (id_producto,canales,interfaces) VALUES (307,'2','firewire');
INSERT INTO "tarjeta_sonido" (id_producto,canales,interfaces) VALUES (308,'7.1','pci');
INSERT INTO "tarjeta_sonido" (id_producto,canales,interfaces) VALUES (309,'7.1','firewire');
INSERT INTO "tarjeta_sonido" (id_producto,canales,interfaces) VALUES (310,'5.1','firewire');
INSERT INTO "tarjeta_sonido" (id_producto,canales,interfaces) VALUES (311,'7.1','pci');
INSERT INTO "tarjeta_sonido" (id_producto,canales,interfaces) VALUES (312,'7.1','usb');
INSERT INTO "tarjeta_sonido" (id_producto,canales,interfaces) VALUES (313,'7.1','pci');
INSERT INTO "tarjeta_sonido" (id_producto,canales,interfaces) VALUES (314,'2','usb');
INSERT INTO "tarjeta_sonido" (id_producto,canales,interfaces) VALUES (315,'7.1','firewire');
INSERT INTO "tarjeta_sonido" (id_producto,canales,interfaces) VALUES (316,'7.1','pci');
INSERT INTO "tarjeta_sonido" (id_producto,canales,interfaces) VALUES (317,'7.1','firewire');
INSERT INTO "tarjeta_sonido" (id_producto,canales,interfaces) VALUES (318,'5.1','firewire');
INSERT INTO "tarjeta_sonido" (id_producto,canales,interfaces) VALUES (319,'5.1','usb');
INSERT INTO "tarjeta_sonido" (id_producto,canales,interfaces) VALUES (320,'5.1','usb');
INSERT INTO "tarjeta_sonido" (id_producto,canales,interfaces) VALUES (321,'7.1','usb');
INSERT INTO "tarjeta_sonido" (id_producto,canales,interfaces) VALUES (322,'5.1','usb');
INSERT INTO "tarjeta_sonido" (id_producto,canales,interfaces) VALUES (323,'5.1','usb');
INSERT INTO "tarjeta_sonido" (id_producto,canales,interfaces) VALUES (324,'2','pci');
INSERT INTO "tarjeta_sonido" (id_producto,canales,interfaces) VALUES (325,'5.1','pci');
INSERT INTO "tarjeta_sonido" (id_producto,canales,interfaces) VALUES (326,'7.1','pci');
INSERT INTO "tarjeta_sonido" (id_producto,canales,interfaces) VALUES (327,'5.1','firewire');
INSERT INTO "tarjeta_sonido" (id_producto,canales,interfaces) VALUES (328,'2','pci');
INSERT INTO "tarjeta_sonido" (id_producto,canales,interfaces) VALUES (329,'5.1','firewire');
INSERT INTO "tarjeta_sonido" (id_producto,canales,interfaces) VALUES (330,'7.1','usb');
INSERT INTO "tarjeta_sonido" (id_producto,canales,interfaces) VALUES (331,'5.1','usb');
INSERT INTO "tarjeta_sonido" (id_producto,canales,interfaces) VALUES (332,'2','pci');
INSERT INTO "tarjeta_sonido" (id_producto,canales,interfaces) VALUES (333,'5.1','firewire');
INSERT INTO "tarjeta_sonido" (id_producto,canales,interfaces) VALUES (334,'7.1','pci');
INSERT INTO "tarjeta_sonido" (id_producto,canales,interfaces) VALUES (335,'2','pci');
INSERT INTO "tarjeta_sonido" (id_producto,canales,interfaces) VALUES (336,'2','usb');
INSERT INTO "tarjeta_sonido" (id_producto,canales,interfaces) VALUES (337,'2','usb');
INSERT INTO "tarjeta_sonido" (id_producto,canales,interfaces) VALUES (338,'5.1','usb');
INSERT INTO "tarjeta_sonido" (id_producto,canales,interfaces) VALUES (339,'2','firewire');
INSERT INTO "tarjeta_sonido" (id_producto,canales,interfaces) VALUES (340,'7.1','usb');
INSERT INTO "tarjeta_sonido" (id_producto,canales,interfaces) VALUES (341,'7.1','firewire');
INSERT INTO "tarjeta_sonido" (id_producto,canales,interfaces) VALUES (342,'2','usb');
INSERT INTO "tarjeta_sonido" (id_producto,canales,interfaces) VALUES (343,'7.1','firewire');
INSERT INTO "tarjeta_sonido" (id_producto,canales,interfaces) VALUES (344,'5.1','pci');
INSERT INTO "tarjeta_sonido" (id_producto,canales,interfaces) VALUES (345,'2','pci');
INSERT INTO "tarjeta_sonido" (id_producto,canales,interfaces) VALUES (346,'5.1','firewire');
INSERT INTO "tarjeta_sonido" (id_producto,canales,interfaces) VALUES (347,'5.1','pci');
INSERT INTO "tarjeta_sonido" (id_producto,canales,interfaces) VALUES (348,'5.1','firewire');
INSERT INTO "tarjeta_sonido" (id_producto,canales,interfaces) VALUES (349,'2','firewire');
INSERT INTO "tarjeta_sonido" (id_producto,canales,interfaces) VALUES (350,'2','firewire');

---datos tarjeta_red
INSERT INTO "tarjeta_red" (id_producto,interfaces,valocidad) VALUES (201,'ethernet','387');
INSERT INTO "tarjeta_red" (id_producto,interfaces,valocidad) VALUES (202,'4g','073');
INSERT INTO "tarjeta_red" (id_producto,interfaces,valocidad) VALUES (203,'wifi','517');
INSERT INTO "tarjeta_red" (id_producto,interfaces,valocidad) VALUES (204,'ethernet','576');
INSERT INTO "tarjeta_red" (id_producto,interfaces,valocidad) VALUES (205,'4g','722');
INSERT INTO "tarjeta_red" (id_producto,interfaces,valocidad) VALUES (206,'wifi','183');
INSERT INTO "tarjeta_red" (id_producto,interfaces,valocidad) VALUES (207,'ethernet','303');
INSERT INTO "tarjeta_red" (id_producto,interfaces,valocidad) VALUES (208,'4g','459');
INSERT INTO "tarjeta_red" (id_producto,interfaces,valocidad) VALUES (209,'wifi','400');
INSERT INTO "tarjeta_red" (id_producto,interfaces,valocidad) VALUES (210,'ethernet','255');
INSERT INTO "tarjeta_red" (id_producto,interfaces,valocidad) VALUES (211,'4g','743');
INSERT INTO "tarjeta_red" (id_producto,interfaces,valocidad) VALUES (212,'wifi','085');
INSERT INTO "tarjeta_red" (id_producto,interfaces,valocidad) VALUES (213,'ethernet','873');
INSERT INTO "tarjeta_red" (id_producto,interfaces,valocidad) VALUES (214,'4g','620');
INSERT INTO "tarjeta_red" (id_producto,interfaces,valocidad) VALUES (215,'wifi','873');
INSERT INTO "tarjeta_red" (id_producto,interfaces,valocidad) VALUES (216,'ethernet','129');
INSERT INTO "tarjeta_red" (id_producto,interfaces,valocidad) VALUES (217,'4g','651');
INSERT INTO "tarjeta_red" (id_producto,interfaces,valocidad) VALUES (218,'wifi','362');
INSERT INTO "tarjeta_red" (id_producto,interfaces,valocidad) VALUES (219,'ethernet','276');
INSERT INTO "tarjeta_red" (id_producto,interfaces,valocidad) VALUES (220,'4g','868');
INSERT INTO "tarjeta_red" (id_producto,interfaces,valocidad) VALUES (221,'wifi','027');
INSERT INTO "tarjeta_red" (id_producto,interfaces,valocidad) VALUES (222,'ethernet','807');
INSERT INTO "tarjeta_red" (id_producto,interfaces,valocidad) VALUES (223,'4g','215');
INSERT INTO "tarjeta_red" (id_producto,interfaces,valocidad) VALUES (224,'wifi','333');
INSERT INTO "tarjeta_red" (id_producto,interfaces,valocidad) VALUES (225,'ethernet','806');
INSERT INTO "tarjeta_red" (id_producto,interfaces,valocidad) VALUES (226,'4g','009');
INSERT INTO "tarjeta_red" (id_producto,interfaces,valocidad) VALUES (227,'wifi','616');
INSERT INTO "tarjeta_red" (id_producto,interfaces,valocidad) VALUES (228,'ethernet','300');
INSERT INTO "tarjeta_red" (id_producto,interfaces,valocidad) VALUES (229,'4g','465');
INSERT INTO "tarjeta_red" (id_producto,interfaces,valocidad) VALUES (230,'wifi','188');
INSERT INTO "tarjeta_red" (id_producto,interfaces,valocidad) VALUES (231,'ethernet','091');
INSERT INTO "tarjeta_red" (id_producto,interfaces,valocidad) VALUES (232,'4g','067');
INSERT INTO "tarjeta_red" (id_producto,interfaces,valocidad) VALUES (233,'wifi','424');
INSERT INTO "tarjeta_red" (id_producto,interfaces,valocidad) VALUES (234,'ethernet','549');
INSERT INTO "tarjeta_red" (id_producto,interfaces,valocidad) VALUES (235,'4g','282');
INSERT INTO "tarjeta_red" (id_producto,interfaces,valocidad) VALUES (236,'wifi','398');
INSERT INTO "tarjeta_red" (id_producto,interfaces,valocidad) VALUES (237,'ethernet','347');
INSERT INTO "tarjeta_red" (id_producto,interfaces,valocidad) VALUES (238,'4g','647');
INSERT INTO "tarjeta_red" (id_producto,interfaces,valocidad) VALUES (239,'wifi','777');
INSERT INTO "tarjeta_red" (id_producto,interfaces,valocidad) VALUES (240,'ethernet','591');
INSERT INTO "tarjeta_red" (id_producto,interfaces,valocidad) VALUES (241,'4g','820');
INSERT INTO "tarjeta_red" (id_producto,interfaces,valocidad) VALUES (242,'wifi','080');
INSERT INTO "tarjeta_red" (id_producto,interfaces,valocidad) VALUES (243,'ethernet','261');
INSERT INTO "tarjeta_red" (id_producto,interfaces,valocidad) VALUES (244,'4g','382');
INSERT INTO "tarjeta_red" (id_producto,interfaces,valocidad) VALUES (245,'wifi','807');
INSERT INTO "tarjeta_red" (id_producto,interfaces,valocidad) VALUES (246,'ethernet','356');
INSERT INTO "tarjeta_red" (id_producto,interfaces,valocidad) VALUES (247,'4g','697');
INSERT INTO "tarjeta_red" (id_producto,interfaces,valocidad) VALUES (248,'wifi','578');
INSERT INTO "tarjeta_red" (id_producto,interfaces,valocidad) VALUES (2011,'ethernet','387');
INSERT INTO "tarjeta_red" (id_producto,interfaces,valocidad) VALUES (2021,'4g','073');
INSERT INTO "tarjeta_red" (id_producto,interfaces,valocidad) VALUES (2031,'wifi','517');
INSERT INTO "tarjeta_red" (id_producto,interfaces,valocidad) VALUES (2041,'ethernet','576');
INSERT INTO "tarjeta_red" (id_producto,interfaces,valocidad) VALUES (2051,'4g','722');
INSERT INTO "tarjeta_red" (id_producto,interfaces,valocidad) VALUES (2061,'wifi','183');
INSERT INTO "tarjeta_red" (id_producto,interfaces,valocidad) VALUES (2071,'ethernet','303');
INSERT INTO "tarjeta_red" (id_producto,interfaces,valocidad) VALUES (2081,'4g','459');
INSERT INTO "tarjeta_red" (id_producto,interfaces,valocidad) VALUES (2091,'wifi','400');
INSERT INTO "tarjeta_red" (id_producto,interfaces,valocidad) VALUES (2101,'ethernet','255');
INSERT INTO "tarjeta_red" (id_producto,interfaces,valocidad) VALUES (2111,'4g','743');
INSERT INTO "tarjeta_red" (id_producto,interfaces,valocidad) VALUES (2121,'wifi','085');
INSERT INTO "tarjeta_red" (id_producto,interfaces,valocidad) VALUES (2131,'ethernet','873');
INSERT INTO "tarjeta_red" (id_producto,interfaces,valocidad) VALUES (2141,'4g','620');
INSERT INTO "tarjeta_red" (id_producto,interfaces,valocidad) VALUES (2151,'wifi','873');
INSERT INTO "tarjeta_red" (id_producto,interfaces,valocidad) VALUES (2161,'ethernet','129');
INSERT INTO "tarjeta_red" (id_producto,interfaces,valocidad) VALUES (2171,'4g','651');
INSERT INTO "tarjeta_red" (id_producto,interfaces,valocidad) VALUES (2181,'wifi','362');
INSERT INTO "tarjeta_red" (id_producto,interfaces,valocidad) VALUES (2191,'ethernet','276');
INSERT INTO "tarjeta_red" (id_producto,interfaces,valocidad) VALUES (2201,'4g','868');
INSERT INTO "tarjeta_red" (id_producto,interfaces,valocidad) VALUES (2211,'wifi','027');
INSERT INTO "tarjeta_red" (id_producto,interfaces,valocidad) VALUES (2221,'ethernet','807');
INSERT INTO "tarjeta_red" (id_producto,interfaces,valocidad) VALUES (2231,'4g','215');
INSERT INTO "tarjeta_red" (id_producto,interfaces,valocidad) VALUES (2241,'wifi','333');
INSERT INTO "tarjeta_red" (id_producto,interfaces,valocidad) VALUES (2251,'ethernet','806');
INSERT INTO "tarjeta_red" (id_producto,interfaces,valocidad) VALUES (2261,'4g','009');
INSERT INTO "tarjeta_red" (id_producto,interfaces,valocidad) VALUES (2271,'wifi','616');
INSERT INTO "tarjeta_red" (id_producto,interfaces,valocidad) VALUES (2281,'ethernet','300');
INSERT INTO "tarjeta_red" (id_producto,interfaces,valocidad) VALUES (2291,'4g','465');
INSERT INTO "tarjeta_red" (id_producto,interfaces,valocidad) VALUES (2301,'wifi','188');
INSERT INTO "tarjeta_red" (id_producto,interfaces,valocidad) VALUES (2311,'ethernet','091');
INSERT INTO "tarjeta_red" (id_producto,interfaces,valocidad) VALUES (2321,'4g','067');
INSERT INTO "tarjeta_red" (id_producto,interfaces,valocidad) VALUES (2331,'wifi','424');
INSERT INTO "tarjeta_red" (id_producto,interfaces,valocidad) VALUES (2341,'ethernet','549');
INSERT INTO "tarjeta_red" (id_producto,interfaces,valocidad) VALUES (2351,'4g','282');
INSERT INTO "tarjeta_red" (id_producto,interfaces,valocidad) VALUES (2361,'wifi','398');
INSERT INTO "tarjeta_red" (id_producto,interfaces,valocidad) VALUES (2371,'ethernet','347');
INSERT INTO "tarjeta_red" (id_producto,interfaces,valocidad) VALUES (2381,'4g','647');
INSERT INTO "tarjeta_red" (id_producto,interfaces,valocidad) VALUES (2391,'wifi','777');
INSERT INTO "tarjeta_red" (id_producto,interfaces,valocidad) VALUES (2401,'ethernet','591');
INSERT INTO "tarjeta_red" (id_producto,interfaces,valocidad) VALUES (2411,'4g','820');
INSERT INTO "tarjeta_red" (id_producto,interfaces,valocidad) VALUES (2421,'wifi','080');
INSERT INTO "tarjeta_red" (id_producto,interfaces,valocidad) VALUES (2431,'ethernet','261');
INSERT INTO "tarjeta_red" (id_producto,interfaces,valocidad) VALUES (2441,'4g','382');
INSERT INTO "tarjeta_red" (id_producto,interfaces,valocidad) VALUES (2451,'wifi','807');
INSERT INTO "tarjeta_red" (id_producto,interfaces,valocidad) VALUES (2461,'ethernet','356');
INSERT INTO "tarjeta_red" (id_producto,interfaces,valocidad) VALUES (2471,'4g','697');
INSERT INTO "tarjeta_red" (id_producto,interfaces,valocidad) VALUES (2481,'wifi','578');
INSERT INTO "tarjeta_red" (id_producto,interfaces,valocidad) VALUES (2012,'ethernet','387');
INSERT INTO "tarjeta_red" (id_producto,interfaces,valocidad) VALUES (2022,'4g','073');
INSERT INTO "tarjeta_red" (id_producto,interfaces,valocidad) VALUES (2032,'wifi','517');
INSERT INTO "tarjeta_red" (id_producto,interfaces,valocidad) VALUES (2042,'ethernet','576');
INSERT INTO "tarjeta_red" (id_producto,interfaces,valocidad) VALUES (2052,'4g','722');
INSERT INTO "tarjeta_red" (id_producto,interfaces,valocidad) VALUES (2062,'wifi','183');
INSERT INTO "tarjeta_red" (id_producto,interfaces,valocidad) VALUES (2072,'ethernet','303');
INSERT INTO "tarjeta_red" (id_producto,interfaces,valocidad) VALUES (2082,'4g','459');
INSERT INTO "tarjeta_red" (id_producto,interfaces,valocidad) VALUES (2092,'wifi','400');
INSERT INTO "tarjeta_red" (id_producto,interfaces,valocidad) VALUES (2102,'ethernet','255');
INSERT INTO "tarjeta_red" (id_producto,interfaces,valocidad) VALUES (2112,'4g','743');
INSERT INTO "tarjeta_red" (id_producto,interfaces,valocidad) VALUES (2122,'wifi','085');
INSERT INTO "tarjeta_red" (id_producto,interfaces,valocidad) VALUES (2132,'ethernet','873');
INSERT INTO "tarjeta_red" (id_producto,interfaces,valocidad) VALUES (2142,'4g','620');
INSERT INTO "tarjeta_red" (id_producto,interfaces,valocidad) VALUES (2152,'wifi','873');
INSERT INTO "tarjeta_red" (id_producto,interfaces,valocidad) VALUES (2162,'ethernet','129');
INSERT INTO "tarjeta_red" (id_producto,interfaces,valocidad) VALUES (2172,'4g','651');
INSERT INTO "tarjeta_red" (id_producto,interfaces,valocidad) VALUES (2182,'wifi','362');
INSERT INTO "tarjeta_red" (id_producto,interfaces,valocidad) VALUES (2192,'ethernet','276');
INSERT INTO "tarjeta_red" (id_producto,interfaces,valocidad) VALUES (2202,'4g','868');
INSERT INTO "tarjeta_red" (id_producto,interfaces,valocidad) VALUES (2212,'wifi','027');
INSERT INTO "tarjeta_red" (id_producto,interfaces,valocidad) VALUES (2222,'ethernet','807');
INSERT INTO "tarjeta_red" (id_producto,interfaces,valocidad) VALUES (2232,'4g','215');
INSERT INTO "tarjeta_red" (id_producto,interfaces,valocidad) VALUES (2242,'wifi','333');
INSERT INTO "tarjeta_red" (id_producto,interfaces,valocidad) VALUES (2252,'ethernet','806');
INSERT INTO "tarjeta_red" (id_producto,interfaces,valocidad) VALUES (2262,'4g','009');
INSERT INTO "tarjeta_red" (id_producto,interfaces,valocidad) VALUES (2272,'wifi','616');
INSERT INTO "tarjeta_red" (id_producto,interfaces,valocidad) VALUES (2282,'ethernet','300');
INSERT INTO "tarjeta_red" (id_producto,interfaces,valocidad) VALUES (2292,'4g','465');
INSERT INTO "tarjeta_red" (id_producto,interfaces,valocidad) VALUES (2302,'wifi','188');
INSERT INTO "tarjeta_red" (id_producto,interfaces,valocidad) VALUES (2312,'ethernet','091');
INSERT INTO "tarjeta_red" (id_producto,interfaces,valocidad) VALUES (2322,'4g','067');
INSERT INTO "tarjeta_red" (id_producto,interfaces,valocidad) VALUES (2332,'wifi','424');
INSERT INTO "tarjeta_red" (id_producto,interfaces,valocidad) VALUES (2342,'ethernet','549');
INSERT INTO "tarjeta_red" (id_producto,interfaces,valocidad) VALUES (2352,'4g','282');
INSERT INTO "tarjeta_red" (id_producto,interfaces,valocidad) VALUES (2362,'wifi','398');
INSERT INTO "tarjeta_red" (id_producto,interfaces,valocidad) VALUES (2372,'ethernet','347');
INSERT INTO "tarjeta_red" (id_producto,interfaces,valocidad) VALUES (2382,'4g','647');
INSERT INTO "tarjeta_red" (id_producto,interfaces,valocidad) VALUES (2392,'wifi','777');
INSERT INTO "tarjeta_red" (id_producto,interfaces,valocidad) VALUES (2402,'ethernet','591');
INSERT INTO "tarjeta_red" (id_producto,interfaces,valocidad) VALUES (2412,'4g','820');
INSERT INTO "tarjeta_red" (id_producto,interfaces,valocidad) VALUES (2422,'wifi','080');
INSERT INTO "tarjeta_red" (id_producto,interfaces,valocidad) VALUES (2432,'ethernet','261');
INSERT INTO "tarjeta_red" (id_producto,interfaces,valocidad) VALUES (2442,'4g','382');
INSERT INTO "tarjeta_red" (id_producto,interfaces,valocidad) VALUES (2452,'wifi','807');
INSERT INTO "tarjeta_red" (id_producto,interfaces,valocidad) VALUES (2462,'ethernet','356');
INSERT INTO "tarjeta_red" (id_producto,interfaces,valocidad) VALUES (2472,'4g','697');
INSERT INTO "tarjeta_red" (id_producto,interfaces,valocidad) VALUES (2482,'wifi','578');
INSERT INTO "tarjeta_red" (id_producto,interfaces,valocidad) VALUES (2013,'ethernet','387');
INSERT INTO "tarjeta_red" (id_producto,interfaces,valocidad) VALUES (2023,'4g','073');
INSERT INTO "tarjeta_red" (id_producto,interfaces,valocidad) VALUES (2033,'wifi','517');
INSERT INTO "tarjeta_red" (id_producto,interfaces,valocidad) VALUES (2043,'ethernet','576');
INSERT INTO "tarjeta_red" (id_producto,interfaces,valocidad) VALUES (2053,'4g','722');
INSERT INTO "tarjeta_red" (id_producto,interfaces,valocidad) VALUES (2063,'wifi','183');
INSERT INTO "tarjeta_red" (id_producto,interfaces,valocidad) VALUES (2073,'ethernet','303');
INSERT INTO "tarjeta_red" (id_producto,interfaces,valocidad) VALUES (2083,'4g','459');
INSERT INTO "tarjeta_red" (id_producto,interfaces,valocidad) VALUES (2093,'wifi','400');
INSERT INTO "tarjeta_red" (id_producto,interfaces,valocidad) VALUES (2103,'ethernet','255');
INSERT INTO "tarjeta_red" (id_producto,interfaces,valocidad) VALUES (2113,'4g','743');
INSERT INTO "tarjeta_red" (id_producto,interfaces,valocidad) VALUES (2123,'wifi','085');
INSERT INTO "tarjeta_red" (id_producto,interfaces,valocidad) VALUES (2133,'ethernet','873');
INSERT INTO "tarjeta_red" (id_producto,interfaces,valocidad) VALUES (2143,'4g','620');
INSERT INTO "tarjeta_red" (id_producto,interfaces,valocidad) VALUES (2153,'wifi','873');
INSERT INTO "tarjeta_red" (id_producto,interfaces,valocidad) VALUES (2163,'ethernet','129');
INSERT INTO "tarjeta_red" (id_producto,interfaces,valocidad) VALUES (2173,'4g','651');
INSERT INTO "tarjeta_red" (id_producto,interfaces,valocidad) VALUES (2183,'wifi','362');
INSERT INTO "tarjeta_red" (id_producto,interfaces,valocidad) VALUES (2193,'ethernet','276');
INSERT INTO "tarjeta_red" (id_producto,interfaces,valocidad) VALUES (2203,'4g','868');
INSERT INTO "tarjeta_red" (id_producto,interfaces,valocidad) VALUES (2213,'wifi','027');
INSERT INTO "tarjeta_red" (id_producto,interfaces,valocidad) VALUES (2223,'ethernet','807');
INSERT INTO "tarjeta_red" (id_producto,interfaces,valocidad) VALUES (2233,'4g','215');
INSERT INTO "tarjeta_red" (id_producto,interfaces,valocidad) VALUES (2243,'wifi','333');
INSERT INTO "tarjeta_red" (id_producto,interfaces,valocidad) VALUES (2253,'ethernet','806');
INSERT INTO "tarjeta_red" (id_producto,interfaces,valocidad) VALUES (2263,'4g','009');
INSERT INTO "tarjeta_red" (id_producto,interfaces,valocidad) VALUES (2273,'wifi','616');
INSERT INTO "tarjeta_red" (id_producto,interfaces,valocidad) VALUES (2283,'ethernet','300');
INSERT INTO "tarjeta_red" (id_producto,interfaces,valocidad) VALUES (2293,'4g','465');
INSERT INTO "tarjeta_red" (id_producto,interfaces,valocidad) VALUES (2303,'wifi','188');
INSERT INTO "tarjeta_red" (id_producto,interfaces,valocidad) VALUES (2313,'ethernet','091');
INSERT INTO "tarjeta_red" (id_producto,interfaces,valocidad) VALUES (2323,'4g','067');
INSERT INTO "tarjeta_red" (id_producto,interfaces,valocidad) VALUES (2333,'wifi','424');
INSERT INTO "tarjeta_red" (id_producto,interfaces,valocidad) VALUES (2343,'ethernet','549');
INSERT INTO "tarjeta_red" (id_producto,interfaces,valocidad) VALUES (2353,'4g','282');
INSERT INTO "tarjeta_red" (id_producto,interfaces,valocidad) VALUES (2363,'wifi','398');
INSERT INTO "tarjeta_red" (id_producto,interfaces,valocidad) VALUES (2373,'ethernet','347');
INSERT INTO "tarjeta_red" (id_producto,interfaces,valocidad) VALUES (2383,'4g','647');
INSERT INTO "tarjeta_red" (id_producto,interfaces,valocidad) VALUES (2393,'wifi','777');
INSERT INTO "tarjeta_red" (id_producto,interfaces,valocidad) VALUES (2403,'ethernet','591');
INSERT INTO "tarjeta_red" (id_producto,interfaces,valocidad) VALUES (2413,'4g','820');
INSERT INTO "tarjeta_red" (id_producto,interfaces,valocidad) VALUES (2423,'wifi','080');
INSERT INTO "tarjeta_red" (id_producto,interfaces,valocidad) VALUES (2433,'ethernet','261');
INSERT INTO "tarjeta_red" (id_producto,interfaces,valocidad) VALUES (2443,'4g','382');
INSERT INTO "tarjeta_red" (id_producto,interfaces,valocidad) VALUES (2453,'wifi','807');
INSERT INTO "tarjeta_red" (id_producto,interfaces,valocidad) VALUES (2463,'ethernet','356');
INSERT INTO "tarjeta_red" (id_producto,interfaces,valocidad) VALUES (2473,'4g','697');
INSERT INTO "tarjeta_red" (id_producto,interfaces,valocidad) VALUES (2483,'wifi','578');
INSERT INTO "tarjeta_red" (id_producto,interfaces,valocidad) VALUES (2014,'ethernet','387');
INSERT INTO "tarjeta_red" (id_producto,interfaces,valocidad) VALUES (2024,'4g','073');
INSERT INTO "tarjeta_red" (id_producto,interfaces,valocidad) VALUES (2034,'wifi','517');
INSERT INTO "tarjeta_red" (id_producto,interfaces,valocidad) VALUES (2044,'ethernet','576');
INSERT INTO "tarjeta_red" (id_producto,interfaces,valocidad) VALUES (2054,'4g','722');
INSERT INTO "tarjeta_red" (id_producto,interfaces,valocidad) VALUES (2064,'wifi','183');
INSERT INTO "tarjeta_red" (id_producto,interfaces,valocidad) VALUES (2074,'ethernet','303');
INSERT INTO "tarjeta_red" (id_producto,interfaces,valocidad) VALUES (2084,'4g','459');
INSERT INTO "tarjeta_red" (id_producto,interfaces,valocidad) VALUES (2094,'wifi','400');
INSERT INTO "tarjeta_red" (id_producto,interfaces,valocidad) VALUES (2104,'ethernet','255');
INSERT INTO "tarjeta_red" (id_producto,interfaces,valocidad) VALUES (2114,'4g','743');
INSERT INTO "tarjeta_red" (id_producto,interfaces,valocidad) VALUES (2124,'wifi','085');
INSERT INTO "tarjeta_red" (id_producto,interfaces,valocidad) VALUES (2134,'ethernet','873');
INSERT INTO "tarjeta_red" (id_producto,interfaces,valocidad) VALUES (2144,'4g','620');
INSERT INTO "tarjeta_red" (id_producto,interfaces,valocidad) VALUES (2154,'wifi','873');
INSERT INTO "tarjeta_red" (id_producto,interfaces,valocidad) VALUES (2164,'ethernet','129');
INSERT INTO "tarjeta_red" (id_producto,interfaces,valocidad) VALUES (2174,'4g','651');
INSERT INTO "tarjeta_red" (id_producto,interfaces,valocidad) VALUES (2184,'wifi','362');
INSERT INTO "tarjeta_red" (id_producto,interfaces,valocidad) VALUES (2194,'ethernet','276');
INSERT INTO "tarjeta_red" (id_producto,interfaces,valocidad) VALUES (2204,'4g','868');
INSERT INTO "tarjeta_red" (id_producto,interfaces,valocidad) VALUES (2214,'wifi','027');
INSERT INTO "tarjeta_red" (id_producto,interfaces,valocidad) VALUES (2224,'ethernet','807');
INSERT INTO "tarjeta_red" (id_producto,interfaces,valocidad) VALUES (2234,'4g','215');
INSERT INTO "tarjeta_red" (id_producto,interfaces,valocidad) VALUES (2244,'wifi','333');
INSERT INTO "tarjeta_red" (id_producto,interfaces,valocidad) VALUES (2254,'ethernet','806');
INSERT INTO "tarjeta_red" (id_producto,interfaces,valocidad) VALUES (2264,'4g','009');
INSERT INTO "tarjeta_red" (id_producto,interfaces,valocidad) VALUES (2274,'wifi','616');
INSERT INTO "tarjeta_red" (id_producto,interfaces,valocidad) VALUES (2284,'ethernet','300');
INSERT INTO "tarjeta_red" (id_producto,interfaces,valocidad) VALUES (2294,'4g','465');
INSERT INTO "tarjeta_red" (id_producto,interfaces,valocidad) VALUES (2304,'wifi','188');
INSERT INTO "tarjeta_red" (id_producto,interfaces,valocidad) VALUES (2314,'ethernet','091');
INSERT INTO "tarjeta_red" (id_producto,interfaces,valocidad) VALUES (2324,'4g','067');
INSERT INTO "tarjeta_red" (id_producto,interfaces,valocidad) VALUES (2334,'wifi','424');
INSERT INTO "tarjeta_red" (id_producto,interfaces,valocidad) VALUES (2344,'ethernet','549');
INSERT INTO "tarjeta_red" (id_producto,interfaces,valocidad) VALUES (2354,'4g','282');
INSERT INTO "tarjeta_red" (id_producto,interfaces,valocidad) VALUES (2364,'wifi','398');
INSERT INTO "tarjeta_red" (id_producto,interfaces,valocidad) VALUES (2374,'ethernet','347');
INSERT INTO "tarjeta_red" (id_producto,interfaces,valocidad) VALUES (2384,'4g','647');
INSERT INTO "tarjeta_red" (id_producto,interfaces,valocidad) VALUES (2394,'wifi','777');
INSERT INTO "tarjeta_red" (id_producto,interfaces,valocidad) VALUES (2404,'ethernet','591');
INSERT INTO "tarjeta_red" (id_producto,interfaces,valocidad) VALUES (2414,'4g','820');
INSERT INTO "tarjeta_red" (id_producto,interfaces,valocidad) VALUES (2424,'wifi','080');
INSERT INTO "tarjeta_red" (id_producto,interfaces,valocidad) VALUES (2434,'ethernet','261');
INSERT INTO "tarjeta_red" (id_producto,interfaces,valocidad) VALUES (2444,'4g','382');
INSERT INTO "tarjeta_red" (id_producto,interfaces,valocidad) VALUES (2454,'wifi','807');
INSERT INTO "tarjeta_red" (id_producto,interfaces,valocidad) VALUES (2464,'ethernet','356');
INSERT INTO "tarjeta_red" (id_producto,interfaces,valocidad) VALUES (2474,'4g','697');
INSERT INTO "tarjeta_red" (id_producto,interfaces,valocidad) VALUES (2484,'wifi','578');

---datos tarjeta grafica
INSERT INTO "tarjeta_grafica" (id_producto,memoria,marca) VALUES (176,'23 GB','ati');
INSERT INTO "tarjeta_grafica" (id_producto,memoria,marca) VALUES (177,'38 GB','nvidia');
INSERT INTO "tarjeta_grafica" (id_producto,memoria,marca) VALUES (178,'91 GB','ati');
INSERT INTO "tarjeta_grafica" (id_producto,memoria,marca) VALUES (179,'89 GB','nvidia');
INSERT INTO "tarjeta_grafica" (id_producto,memoria,marca) VALUES (180,'68 GB','ati');
INSERT INTO "tarjeta_grafica" (id_producto,memoria,marca) VALUES (181,'63 GB','nvidia');
INSERT INTO "tarjeta_grafica" (id_producto,memoria,marca) VALUES (182,'98 GB','ati');
INSERT INTO "tarjeta_grafica" (id_producto,memoria,marca) VALUES (183,'48 GB','nvidia');
INSERT INTO "tarjeta_grafica" (id_producto,memoria,marca) VALUES (184,'10 GB','ati');
INSERT INTO "tarjeta_grafica" (id_producto,memoria,marca) VALUES (185,'47 GB','nvidia');
INSERT INTO "tarjeta_grafica" (id_producto,memoria,marca) VALUES (186,'38 GB','ati');
INSERT INTO "tarjeta_grafica" (id_producto,memoria,marca) VALUES (187,'07 GB','nvidia');
INSERT INTO "tarjeta_grafica" (id_producto,memoria,marca) VALUES (188,'81 GB','ati');
INSERT INTO "tarjeta_grafica" (id_producto,memoria,marca) VALUES (189,'81 GB','nvidia');
INSERT INTO "tarjeta_grafica" (id_producto,memoria,marca) VALUES (190,'93 GB','ati');
INSERT INTO "tarjeta_grafica" (id_producto,memoria,marca) VALUES (191,'76 GB','nvidia');
INSERT INTO "tarjeta_grafica" (id_producto,memoria,marca) VALUES (192,'77 GB','ati');
INSERT INTO "tarjeta_grafica" (id_producto,memoria,marca) VALUES (193,'49 GB','nvidia');
INSERT INTO "tarjeta_grafica" (id_producto,memoria,marca) VALUES (194,'78 GB','ati');
INSERT INTO "tarjeta_grafica" (id_producto,memoria,marca) VALUES (195,'64 GB','nvidia');
INSERT INTO "tarjeta_grafica" (id_producto,memoria,marca) VALUES (196,'53 GB','ati');
INSERT INTO "tarjeta_grafica" (id_producto,memoria,marca) VALUES (197,'22 GB','nvidia');
INSERT INTO "tarjeta_grafica" (id_producto,memoria,marca) VALUES (198,'31 GB','ati');
INSERT INTO "tarjeta_grafica" (id_producto,memoria,marca) VALUES (199,'31 GB','nvidia');
INSERT INTO "tarjeta_grafica" (id_producto,memoria,marca) VALUES (1761,'10 GB','ati');
INSERT INTO "tarjeta_grafica" (id_producto,memoria,marca) VALUES (1771,'63 GB','nvidia');
INSERT INTO "tarjeta_grafica" (id_producto,memoria,marca) VALUES (1781,'78 GB','ati');
INSERT INTO "tarjeta_grafica" (id_producto,memoria,marca) VALUES (1791,'53 GB','ati');
INSERT INTO "tarjeta_grafica" (id_producto,memoria,marca) VALUES (1801,'07 GB','nvidia');
INSERT INTO "tarjeta_grafica" (id_producto,memoria,marca) VALUES (1811,'81 GB','ati');
INSERT INTO "tarjeta_grafica" (id_producto,memoria,marca) VALUES (1821,'77 GB','ati');
INSERT INTO "tarjeta_grafica" (id_producto,memoria,marca) VALUES (1831,'49 GB','nvidia');
INSERT INTO "tarjeta_grafica" (id_producto,memoria,marca) VALUES (1841,'78 GB','ati');
INSERT INTO "tarjeta_grafica" (id_producto,memoria,marca) VALUES (1851,'10 GB','ati');
INSERT INTO "tarjeta_grafica" (id_producto,memoria,marca) VALUES (1861,'53 GB','ati');
INSERT INTO "tarjeta_grafica" (id_producto,memoria,marca) VALUES (1871,'07 GB','nvidia');
INSERT INTO "tarjeta_grafica" (id_producto,memoria,marca) VALUES (1881,'23 GB','ati');
INSERT INTO "tarjeta_grafica" (id_producto,memoria,marca) VALUES (1891,'38 GB','nvidia');
INSERT INTO "tarjeta_grafica" (id_producto,memoria,marca) VALUES (1901,'91 GB','ati');
INSERT INTO "tarjeta_grafica" (id_producto,memoria,marca) VALUES (1911,'89 GB','nvidia');
INSERT INTO "tarjeta_grafica" (id_producto,memoria,marca) VALUES (1921,'68 GB','ati');
INSERT INTO "tarjeta_grafica" (id_producto,memoria,marca) VALUES (1931,'63 GB','nvidia');
INSERT INTO "tarjeta_grafica" (id_producto,memoria,marca) VALUES (1941,'98 GB','ati');
INSERT INTO "tarjeta_grafica" (id_producto,memoria,marca) VALUES (1951,'48 GB','nvidia');
INSERT INTO "tarjeta_grafica" (id_producto,memoria,marca) VALUES (1961,'10 GB','ati');
INSERT INTO "tarjeta_grafica" (id_producto,memoria,marca) VALUES (1971,'47 GB','nvidia');
INSERT INTO "tarjeta_grafica" (id_producto,memoria,marca) VALUES (1981,'38 GB','ati');
INSERT INTO "tarjeta_grafica" (id_producto,memoria,marca) VALUES (1991,'07 GB','nvidia');
INSERT INTO "tarjeta_grafica" (id_producto,memoria,marca) VALUES (1762,'10 GB','ati');
INSERT INTO "tarjeta_grafica" (id_producto,memoria,marca) VALUES (1772,'63 GB','nvidia');
INSERT INTO "tarjeta_grafica" (id_producto,memoria,marca) VALUES (1782,'78 GB','ati');
INSERT INTO "tarjeta_grafica" (id_producto,memoria,marca) VALUES (1792,'53 GB','ati');
INSERT INTO "tarjeta_grafica" (id_producto,memoria,marca) VALUES (1802,'07 GB','nvidia');
INSERT INTO "tarjeta_grafica" (id_producto,memoria,marca) VALUES (1812,'81 GB','ati');
INSERT INTO "tarjeta_grafica" (id_producto,memoria,marca) VALUES (1822,'77 GB','ati');
INSERT INTO "tarjeta_grafica" (id_producto,memoria,marca) VALUES (1832,'49 GB','nvidia');
INSERT INTO "tarjeta_grafica" (id_producto,memoria,marca) VALUES (1842,'78 GB','ati');
INSERT INTO "tarjeta_grafica" (id_producto,memoria,marca) VALUES (1852,'10 GB','ati');
INSERT INTO "tarjeta_grafica" (id_producto,memoria,marca) VALUES (1862,'53 GB','ati');
INSERT INTO "tarjeta_grafica" (id_producto,memoria,marca) VALUES (1872,'07 GB','nvidia');
INSERT INTO "tarjeta_grafica" (id_producto,memoria,marca) VALUES (1882,'23 GB','ati');
INSERT INTO "tarjeta_grafica" (id_producto,memoria,marca) VALUES (1892,'38 GB','nvidia');
INSERT INTO "tarjeta_grafica" (id_producto,memoria,marca) VALUES (1902,'91 GB','ati');
INSERT INTO "tarjeta_grafica" (id_producto,memoria,marca) VALUES (1912,'89 GB','nvidia');
INSERT INTO "tarjeta_grafica" (id_producto,memoria,marca) VALUES (1922,'68 GB','ati');
INSERT INTO "tarjeta_grafica" (id_producto,memoria,marca) VALUES (1932,'63 GB','nvidia');
INSERT INTO "tarjeta_grafica" (id_producto,memoria,marca) VALUES (1942,'98 GB','ati');
INSERT INTO "tarjeta_grafica" (id_producto,memoria,marca) VALUES (1952,'48 GB','nvidia');
INSERT INTO "tarjeta_grafica" (id_producto,memoria,marca) VALUES (1962,'10 GB','ati');
INSERT INTO "tarjeta_grafica" (id_producto,memoria,marca) VALUES (1972,'47 GB','nvidia');
INSERT INTO "tarjeta_grafica" (id_producto,memoria,marca) VALUES (1982,'38 GB','ati');
INSERT INTO "tarjeta_grafica" (id_producto,memoria,marca) VALUES (1992,'07 GB','nvidia');
INSERT INTO "tarjeta_grafica" (id_producto,memoria,marca) VALUES (1763,'10 GB','ati');
INSERT INTO "tarjeta_grafica" (id_producto,memoria,marca) VALUES (1773,'63 GB','nvidia');
INSERT INTO "tarjeta_grafica" (id_producto,memoria,marca) VALUES (1783,'78 GB','ati');
INSERT INTO "tarjeta_grafica" (id_producto,memoria,marca) VALUES (1793,'53 GB','ati');
INSERT INTO "tarjeta_grafica" (id_producto,memoria,marca) VALUES (1803,'07 GB','nvidia');
INSERT INTO "tarjeta_grafica" (id_producto,memoria,marca) VALUES (1813,'81 GB','ati');
INSERT INTO "tarjeta_grafica" (id_producto,memoria,marca) VALUES (1823,'77 GB','ati');
INSERT INTO "tarjeta_grafica" (id_producto,memoria,marca) VALUES (1833,'49 GB','nvidia');
INSERT INTO "tarjeta_grafica" (id_producto,memoria,marca) VALUES (1843,'78 GB','ati');
INSERT INTO "tarjeta_grafica" (id_producto,memoria,marca) VALUES (1853,'10 GB','ati');
INSERT INTO "tarjeta_grafica" (id_producto,memoria,marca) VALUES (1863,'53 GB','ati');
INSERT INTO "tarjeta_grafica" (id_producto,memoria,marca) VALUES (1873,'07 GB','nvidia');
INSERT INTO "tarjeta_grafica" (id_producto,memoria,marca) VALUES (1883,'23 GB','ati');
INSERT INTO "tarjeta_grafica" (id_producto,memoria,marca) VALUES (1893,'38 GB','nvidia');
INSERT INTO "tarjeta_grafica" (id_producto,memoria,marca) VALUES (1903,'91 GB','ati');
INSERT INTO "tarjeta_grafica" (id_producto,memoria,marca) VALUES (1913,'89 GB','nvidia');
INSERT INTO "tarjeta_grafica" (id_producto,memoria,marca) VALUES (1923,'68 GB','ati');
INSERT INTO "tarjeta_grafica" (id_producto,memoria,marca) VALUES (1933,'63 GB','nvidia');
INSERT INTO "tarjeta_grafica" (id_producto,memoria,marca) VALUES (1943,'98 GB','ati');
INSERT INTO "tarjeta_grafica" (id_producto,memoria,marca) VALUES (1953,'48 GB','nvidia');
INSERT INTO "tarjeta_grafica" (id_producto,memoria,marca) VALUES (1963,'10 GB','ati');
INSERT INTO "tarjeta_grafica" (id_producto,memoria,marca) VALUES (1973,'47 GB','nvidia');
INSERT INTO "tarjeta_grafica" (id_producto,memoria,marca) VALUES (1983,'38 GB','ati');
INSERT INTO "tarjeta_grafica" (id_producto,memoria,marca) VALUES (1993,'07 GB','nvidia');
INSERT INTO "tarjeta_grafica" (id_producto,memoria,marca) VALUES (1764,'10 GB','ati');
INSERT INTO "tarjeta_grafica" (id_producto,memoria,marca) VALUES (1774,'63 GB','nvidia');
INSERT INTO "tarjeta_grafica" (id_producto,memoria,marca) VALUES (1784,'78 GB','ati');
INSERT INTO "tarjeta_grafica" (id_producto,memoria,marca) VALUES (1794,'53 GB','ati');
INSERT INTO "tarjeta_grafica" (id_producto,memoria,marca) VALUES (1804,'07 GB','nvidia');
INSERT INTO "tarjeta_grafica" (id_producto,memoria,marca) VALUES (1814,'81 GB','ati');
INSERT INTO "tarjeta_grafica" (id_producto,memoria,marca) VALUES (1824,'77 GB','ati');
INSERT INTO "tarjeta_grafica" (id_producto,memoria,marca) VALUES (1834,'49 GB','nvidia');
INSERT INTO "tarjeta_grafica" (id_producto,memoria,marca) VALUES (1844,'78 GB','ati');
INSERT INTO "tarjeta_grafica" (id_producto,memoria,marca) VALUES (1854,'10 GB','ati');
INSERT INTO "tarjeta_grafica" (id_producto,memoria,marca) VALUES (1864,'53 GB','ati');
INSERT INTO "tarjeta_grafica" (id_producto,memoria,marca) VALUES (1874,'07 GB','nvidia');
INSERT INTO "tarjeta_grafica" (id_producto,memoria,marca) VALUES (1884,'23 GB','ati');
INSERT INTO "tarjeta_grafica" (id_producto,memoria,marca) VALUES (1894,'38 GB','nvidia');
INSERT INTO "tarjeta_grafica" (id_producto,memoria,marca) VALUES (1904,'91 GB','ati');
INSERT INTO "tarjeta_grafica" (id_producto,memoria,marca) VALUES (1914,'89 GB','nvidia');
INSERT INTO "tarjeta_grafica" (id_producto,memoria,marca) VALUES (1924,'68 GB','ati');
INSERT INTO "tarjeta_grafica" (id_producto,memoria,marca) VALUES (1934,'63 GB','nvidia');
INSERT INTO "tarjeta_grafica" (id_producto,memoria,marca) VALUES (1944,'98 GB','ati');
INSERT INTO "tarjeta_grafica" (id_producto,memoria,marca) VALUES (1954,'48 GB','nvidia');
INSERT INTO "tarjeta_grafica" (id_producto,memoria,marca) VALUES (1964,'10 GB','ati');
INSERT INTO "tarjeta_grafica" (id_producto,memoria,marca) VALUES (1974,'47 GB','nvidia');
INSERT INTO "tarjeta_grafica" (id_producto,memoria,marca) VALUES (1984,'38 GB','ati');
INSERT INTO "tarjeta_grafica" (id_producto,memoria,marca) VALUES (1994,'07 GB','nvidia');
INSERT INTO "tarjeta_grafica" (id_producto,memoria,marca) VALUES (1765,'10 GB','ati');
INSERT INTO "tarjeta_grafica" (id_producto,memoria,marca) VALUES (1775,'63 GB','nvidia');
INSERT INTO "tarjeta_grafica" (id_producto,memoria,marca) VALUES (1785,'78 GB','ati');
INSERT INTO "tarjeta_grafica" (id_producto,memoria,marca) VALUES (1795,'53 GB','ati');
INSERT INTO "tarjeta_grafica" (id_producto,memoria,marca) VALUES (1805,'07 GB','nvidia');
INSERT INTO "tarjeta_grafica" (id_producto,memoria,marca) VALUES (1815,'81 GB','ati');
INSERT INTO "tarjeta_grafica" (id_producto,memoria,marca) VALUES (1825,'77 GB','ati');
INSERT INTO "tarjeta_grafica" (id_producto,memoria,marca) VALUES (1835,'49 GB','nvidia');
INSERT INTO "tarjeta_grafica" (id_producto,memoria,marca) VALUES (1845,'78 GB','ati');
INSERT INTO "tarjeta_grafica" (id_producto,memoria,marca) VALUES (1855,'10 GB','ati');
INSERT INTO "tarjeta_grafica" (id_producto,memoria,marca) VALUES (1865,'53 GB','ati');
INSERT INTO "tarjeta_grafica" (id_producto,memoria,marca) VALUES (1875,'07 GB','nvidia');
INSERT INTO "tarjeta_grafica" (id_producto,memoria,marca) VALUES (1885,'23 GB','ati');
INSERT INTO "tarjeta_grafica" (id_producto,memoria,marca) VALUES (1895,'38 GB','nvidia');
INSERT INTO "tarjeta_grafica" (id_producto,memoria,marca) VALUES (1905,'91 GB','ati');
INSERT INTO "tarjeta_grafica" (id_producto,memoria,marca) VALUES (1915,'89 GB','nvidia');
INSERT INTO "tarjeta_grafica" (id_producto,memoria,marca) VALUES (1925,'68 GB','ati');
INSERT INTO "tarjeta_grafica" (id_producto,memoria,marca) VALUES (1935,'63 GB','nvidia');
INSERT INTO "tarjeta_grafica" (id_producto,memoria,marca) VALUES (1945,'98 GB','ati');
INSERT INTO "tarjeta_grafica" (id_producto,memoria,marca) VALUES (1955,'48 GB','nvidia');
INSERT INTO "tarjeta_grafica" (id_producto,memoria,marca) VALUES (1965,'10 GB','ati');
INSERT INTO "tarjeta_grafica" (id_producto,memoria,marca) VALUES (1975,'47 GB','nvidia');
INSERT INTO "tarjeta_grafica" (id_producto,memoria,marca) VALUES (1985,'38 GB','ati');
INSERT INTO "tarjeta_grafica" (id_producto,memoria,marca) VALUES (1995,'07 GB','nvidia');

---datos monitor
INSERT INTO "monitor" (id_producto,tamano,tipo) VALUES (161,'78 inch','lcd');
INSERT INTO "monitor" (id_producto,tamano,tipo) VALUES (162,'15 inch','plasma');
INSERT INTO "monitor" (id_producto,tamano,tipo) VALUES (163,'95 inch','amoled');
INSERT INTO "monitor" (id_producto,tamano,tipo) VALUES (164,'62 inch','lcd');
INSERT INTO "monitor" (id_producto,tamano,tipo) VALUES (165,'25 inch','plasma');
INSERT INTO "monitor" (id_producto,tamano,tipo) VALUES (166,'56 inch','amoled');
INSERT INTO "monitor" (id_producto,tamano,tipo) VALUES (167,'34 inch','lcd');
INSERT INTO "monitor" (id_producto,tamano,tipo) VALUES (168,'65 inch','plasma');
INSERT INTO "monitor" (id_producto,tamano,tipo) VALUES (169,'87 inch','amoled');
INSERT INTO "monitor" (id_producto,tamano,tipo) VALUES (170,'34 inch','lcd');
INSERT INTO "monitor" (id_producto,tamano,tipo) VALUES (171,'82 inch','plasma');
INSERT INTO "monitor" (id_producto,tamano,tipo) VALUES (172,'21 inch','amoled');
INSERT INTO "monitor" (id_producto,tamano,tipo) VALUES (173,'44 inch','lcd');
INSERT INTO "monitor" (id_producto,tamano,tipo) VALUES (174,'40 inch','plasma');
INSERT INTO "monitor" (id_producto,tamano,tipo) VALUES (175,'95 inch','amoled');
INSERT INTO "monitor" (id_producto,tamano,tipo) VALUES (1611,'78 inch','lcd');
INSERT INTO "monitor" (id_producto,tamano,tipo) VALUES (1621,'15 inch','plasma');
INSERT INTO "monitor" (id_producto,tamano,tipo) VALUES (1631,'95 inch','amoled');
INSERT INTO "monitor" (id_producto,tamano,tipo) VALUES (1641,'15 inch','plasma');
INSERT INTO "monitor" (id_producto,tamano,tipo) VALUES (1651,'78 inch','lcd');
INSERT INTO "monitor" (id_producto,tamano,tipo) VALUES (1661,'95 inch','amoled');
INSERT INTO "monitor" (id_producto,tamano,tipo) VALUES (1671,'40 inch','plasma');
INSERT INTO "monitor" (id_producto,tamano,tipo) VALUES (1681,'44 inch','lcd');
INSERT INTO "monitor" (id_producto,tamano,tipo) VALUES (1691,'21 inch','amoled');
INSERT INTO "monitor" (id_producto,tamano,tipo) VALUES (1701,'82 inch','plasma');
INSERT INTO "monitor" (id_producto,tamano,tipo) VALUES (1711,'34 inch','lcd');
INSERT INTO "monitor" (id_producto,tamano,tipo) VALUES (1721,'56 inch','amoled');
INSERT INTO "monitor" (id_producto,tamano,tipo) VALUES (1731,'25 inch','plasma');
INSERT INTO "monitor" (id_producto,tamano,tipo) VALUES (1741,'62 inch','lcd');
INSERT INTO "monitor" (id_producto,tamano,tipo) VALUES (1751,'95 inch','amoled');
INSERT INTO "monitor" (id_producto,tamano,tipo) VALUES (1612,'78 inch','lcd');
INSERT INTO "monitor" (id_producto,tamano,tipo) VALUES (1622,'15 inch','plasma');
INSERT INTO "monitor" (id_producto,tamano,tipo) VALUES (1632,'95 inch','amoled');
INSERT INTO "monitor" (id_producto,tamano,tipo) VALUES (1642,'15 inch','plasma');
INSERT INTO "monitor" (id_producto,tamano,tipo) VALUES (1652,'78 inch','lcd');
INSERT INTO "monitor" (id_producto,tamano,tipo) VALUES (1662,'95 inch','amoled');
INSERT INTO "monitor" (id_producto,tamano,tipo) VALUES (1672,'40 inch','plasma');
INSERT INTO "monitor" (id_producto,tamano,tipo) VALUES (1682,'44 inch','lcd');
INSERT INTO "monitor" (id_producto,tamano,tipo) VALUES (1692,'21 inch','amoled');
INSERT INTO "monitor" (id_producto,tamano,tipo) VALUES (1702,'82 inch','plasma');
INSERT INTO "monitor" (id_producto,tamano,tipo) VALUES (1712,'34 inch','lcd');
INSERT INTO "monitor" (id_producto,tamano,tipo) VALUES (1722,'56 inch','amoled');
INSERT INTO "monitor" (id_producto,tamano,tipo) VALUES (1732,'25 inch','plasma');
INSERT INTO "monitor" (id_producto,tamano,tipo) VALUES (1742,'62 inch','lcd');
INSERT INTO "monitor" (id_producto,tamano,tipo) VALUES (1752,'95 inch','amoled');
INSERT INTO "monitor" (id_producto,tamano,tipo) VALUES (1613,'78 inch','lcd');
INSERT INTO "monitor" (id_producto,tamano,tipo) VALUES (1623,'15 inch','plasma');
INSERT INTO "monitor" (id_producto,tamano,tipo) VALUES (1633,'95 inch','amoled');
INSERT INTO "monitor" (id_producto,tamano,tipo) VALUES (1643,'15 inch','plasma');
INSERT INTO "monitor" (id_producto,tamano,tipo) VALUES (1653,'78 inch','lcd');
INSERT INTO "monitor" (id_producto,tamano,tipo) VALUES (1663,'95 inch','amoled');
INSERT INTO "monitor" (id_producto,tamano,tipo) VALUES (1673,'40 inch','plasma');
INSERT INTO "monitor" (id_producto,tamano,tipo) VALUES (1683,'44 inch','lcd');
INSERT INTO "monitor" (id_producto,tamano,tipo) VALUES (1693,'21 inch','amoled');
INSERT INTO "monitor" (id_producto,tamano,tipo) VALUES (1703,'82 inch','plasma');
INSERT INTO "monitor" (id_producto,tamano,tipo) VALUES (1713,'34 inch','lcd');
INSERT INTO "monitor" (id_producto,tamano,tipo) VALUES (1723,'56 inch','amoled');
INSERT INTO "monitor" (id_producto,tamano,tipo) VALUES (1733,'25 inch','plasma');
INSERT INTO "monitor" (id_producto,tamano,tipo) VALUES (1743,'62 inch','lcd');
INSERT INTO "monitor" (id_producto,tamano,tipo) VALUES (1753,'95 inch','amoled');
INSERT INTO "monitor" (id_producto,tamano,tipo) VALUES (1614,'78 inch','lcd');
INSERT INTO "monitor" (id_producto,tamano,tipo) VALUES (1624,'15 inch','plasma');
INSERT INTO "monitor" (id_producto,tamano,tipo) VALUES (1634,'95 inch','amoled');
INSERT INTO "monitor" (id_producto,tamano,tipo) VALUES (1644,'15 inch','plasma');
INSERT INTO "monitor" (id_producto,tamano,tipo) VALUES (1654,'78 inch','lcd');
INSERT INTO "monitor" (id_producto,tamano,tipo) VALUES (1664,'95 inch','amoled');
INSERT INTO "monitor" (id_producto,tamano,tipo) VALUES (1674,'40 inch','plasma');
INSERT INTO "monitor" (id_producto,tamano,tipo) VALUES (1684,'44 inch','lcd');
INSERT INTO "monitor" (id_producto,tamano,tipo) VALUES (1694,'21 inch','amoled');
INSERT INTO "monitor" (id_producto,tamano,tipo) VALUES (1704,'82 inch','plasma');
INSERT INTO "monitor" (id_producto,tamano,tipo) VALUES (1714,'34 inch','lcd');
INSERT INTO "monitor" (id_producto,tamano,tipo) VALUES (1724,'56 inch','amoled');
INSERT INTO "monitor" (id_producto,tamano,tipo) VALUES (1734,'25 inch','plasma');
INSERT INTO "monitor" (id_producto,tamano,tipo) VALUES (1744,'62 inch','lcd');
INSERT INTO "monitor" (id_producto,tamano,tipo) VALUES (1754,'95 inch','amoled');
INSERT INTO "monitor" (id_producto,tamano,tipo) VALUES (1615,'78 inch','lcd');
INSERT INTO "monitor" (id_producto,tamano,tipo) VALUES (1625,'15 inch','plasma');
INSERT INTO "monitor" (id_producto,tamano,tipo) VALUES (1635,'95 inch','amoled');
INSERT INTO "monitor" (id_producto,tamano,tipo) VALUES (1645,'15 inch','plasma');
INSERT INTO "monitor" (id_producto,tamano,tipo) VALUES (1655,'78 inch','lcd');
INSERT INTO "monitor" (id_producto,tamano,tipo) VALUES (1665,'95 inch','amoled');
INSERT INTO "monitor" (id_producto,tamano,tipo) VALUES (1675,'40 inch','plasma');
INSERT INTO "monitor" (id_producto,tamano,tipo) VALUES (1685,'44 inch','lcd');
INSERT INTO "monitor" (id_producto,tamano,tipo) VALUES (1695,'21 inch','amoled');
INSERT INTO "monitor" (id_producto,tamano,tipo) VALUES (1705,'82 inch','plasma');
INSERT INTO "monitor" (id_producto,tamano,tipo) VALUES (1715,'34 inch','lcd');
INSERT INTO "monitor" (id_producto,tamano,tipo) VALUES (1725,'56 inch','amoled');
INSERT INTO "monitor" (id_producto,tamano,tipo) VALUES (1735,'25 inch','plasma');
INSERT INTO "monitor" (id_producto,tamano,tipo) VALUES (1745,'62 inch','lcd');
INSERT INTO "monitor" (id_producto,tamano,tipo) VALUES (1755,'95 inch','amoled');
INSERT INTO "monitor" (id_producto,tamano,tipo) VALUES (1757,'70 inch','lcd');
INSERT INTO "monitor" (id_producto,tamano,tipo) VALUES (1759,'83 inch','lcd');
INSERT INTO "monitor" (id_producto,tamano,tipo) VALUES (1760,'77 inch','amoled');
INSERT INTO "monitor" (id_producto,tamano,tipo) VALUES (1768,'81 inch','plasma');
INSERT INTO "monitor" (id_producto,tamano,tipo) VALUES (1777,'90 inch','amoled');
INSERT INTO "monitor" (id_producto,tamano,tipo) VALUES (1778,'43 inch','lcd');
INSERT INTO "monitor" (id_producto,tamano,tipo) VALUES (1779,'57 inch','plasma');
INSERT INTO "monitor" (id_producto,tamano,tipo) VALUES (1780,'85 inch','amoled');
INSERT INTO "monitor" (id_producto,tamano,tipo) VALUES (1787,'33 inch','lcd');
INSERT INTO "monitor" (id_producto,tamano,tipo) VALUES (1788,'68 inch','plasma');
INSERT INTO "monitor" (id_producto,tamano,tipo) VALUES (1789,'92 inch','amoled');

---datos memoria
INSERT INTO "memoria_ram" (id_producto,capacidad,interfaz) VALUES (141,'07GB','sata');
INSERT INTO "memoria_ram" (id_producto,capacidad,interfaz) VALUES (142,'00GB','ide');
INSERT INTO "memoria_ram" (id_producto,capacidad,interfaz) VALUES (143,'39GB','usb');
INSERT INTO "memoria_ram" (id_producto,capacidad,interfaz) VALUES (144,'97GB','sata');
INSERT INTO "memoria_ram" (id_producto,capacidad,interfaz) VALUES (145,'03GB','ide');
INSERT INTO "memoria_ram" (id_producto,capacidad,interfaz) VALUES (146,'06GB','usb');
INSERT INTO "memoria_ram" (id_producto,capacidad,interfaz) VALUES (147,'68GB','sata');
INSERT INTO "memoria_ram" (id_producto,capacidad,interfaz) VALUES (148,'34GB','ide');
INSERT INTO "memoria_ram" (id_producto,capacidad,interfaz) VALUES (149,'59GB','usb');
INSERT INTO "memoria_ram" (id_producto,capacidad,interfaz) VALUES (150,'46GB','sata');
INSERT INTO "memoria_ram" (id_producto,capacidad,interfaz) VALUES (151,'96GB','ide');
INSERT INTO "memoria_ram" (id_producto,capacidad,interfaz) VALUES (152,'56GB','usb');
INSERT INTO "memoria_ram" (id_producto,capacidad,interfaz) VALUES (153,'42GB','sata');
INSERT INTO "memoria_ram" (id_producto,capacidad,interfaz) VALUES (154,'63GB','ide');
INSERT INTO "memoria_ram" (id_producto,capacidad,interfaz) VALUES (155,'07GB','usb');
INSERT INTO "memoria_ram" (id_producto,capacidad,interfaz) VALUES (156,'69GB','sata');
INSERT INTO "memoria_ram" (id_producto,capacidad,interfaz) VALUES (157,'02GB','ide');
INSERT INTO "memoria_ram" (id_producto,capacidad,interfaz) VALUES (158,'88GB','usb');
INSERT INTO "memoria_ram" (id_producto,capacidad,interfaz) VALUES (159,'72GB','sata');
INSERT INTO "memoria_ram" (id_producto,capacidad,interfaz) VALUES (160,'24GB','ide');
INSERT INTO "memoria_ram" (id_producto,capacidad,interfaz) VALUES (1411,'39GB','usb');
INSERT INTO "memoria_ram" (id_producto,capacidad,interfaz) VALUES (1421,'07GB','ide');
INSERT INTO "memoria_ram" (id_producto,capacidad,interfaz) VALUES (1431,'56GB','usb');
INSERT INTO "memoria_ram" (id_producto,capacidad,interfaz) VALUES (1441,'88GB','usb');
INSERT INTO "memoria_ram" (id_producto,capacidad,interfaz) VALUES (1451,'69GB','sata');
INSERT INTO "memoria_ram" (id_producto,capacidad,interfaz) VALUES (1461,'24GB','ide');
INSERT INTO "memoria_ram" (id_producto,capacidad,interfaz) VALUES (1471,'88GB','usb');
INSERT INTO "memoria_ram" (id_producto,capacidad,interfaz) VALUES (1481,'69GB','sata');
INSERT INTO "memoria_ram" (id_producto,capacidad,interfaz) VALUES (1491,'03GB','ide');
INSERT INTO "memoria_ram" (id_producto,capacidad,interfaz) VALUES (1501,'88GB','usb');
INSERT INTO "memoria_ram" (id_producto,capacidad,interfaz) VALUES (1511,'69GB','sata');
INSERT INTO "memoria_ram" (id_producto,capacidad,interfaz) VALUES (1521,'56GB','usb');
INSERT INTO "memoria_ram" (id_producto,capacidad,interfaz) VALUES (1531,'88GB','usb');
INSERT INTO "memoria_ram" (id_producto,capacidad,interfaz) VALUES (1541,'69GB','sata');
INSERT INTO "memoria_ram" (id_producto,capacidad,interfaz) VALUES (1551,'96GB','ide');
INSERT INTO "memoria_ram" (id_producto,capacidad,interfaz) VALUES (1561,'88GB','usb');
INSERT INTO "memoria_ram" (id_producto,capacidad,interfaz) VALUES (1571,'69GB','sata');
INSERT INTO "memoria_ram" (id_producto,capacidad,interfaz) VALUES (1581,'24GB','ide');
INSERT INTO "memoria_ram" (id_producto,capacidad,interfaz) VALUES (1591,'88GB','usb');
INSERT INTO "memoria_ram" (id_producto,capacidad,interfaz) VALUES (1601,'03GB','ide');
INSERT INTO "memoria_ram" (id_producto,capacidad,interfaz) VALUES (1412,'56GB','usb');
INSERT INTO "memoria_ram" (id_producto,capacidad,interfaz) VALUES (1422,'00GB','ide');
INSERT INTO "memoria_ram" (id_producto,capacidad,interfaz) VALUES (1432,'56GB','usb');
INSERT INTO "memoria_ram" (id_producto,capacidad,interfaz) VALUES (1442,'88GB','usb');
INSERT INTO "memoria_ram" (id_producto,capacidad,interfaz) VALUES (1452,'69GB','sata');
INSERT INTO "memoria_ram" (id_producto,capacidad,interfaz) VALUES (1462,'63GB','ide');
INSERT INTO "memoria_ram" (id_producto,capacidad,interfaz) VALUES (1472,'88GB','usb');
INSERT INTO "memoria_ram" (id_producto,capacidad,interfaz) VALUES (1482,'24GB','ide');
INSERT INTO "memoria_ram" (id_producto,capacidad,interfaz) VALUES (1492,'69GB','sata');
INSERT INTO "memoria_ram" (id_producto,capacidad,interfaz) VALUES (1502,'88GB','usb');
INSERT INTO "memoria_ram" (id_producto,capacidad,interfaz) VALUES (1512,'03GB','ide');
INSERT INTO "memoria_ram" (id_producto,capacidad,interfaz) VALUES (1522,'69GB','sata');
INSERT INTO "memoria_ram" (id_producto,capacidad,interfaz) VALUES (1532,'88GB','usb');
INSERT INTO "memoria_ram" (id_producto,capacidad,interfaz) VALUES (1542,'56GB','usb');
INSERT INTO "memoria_ram" (id_producto,capacidad,interfaz) VALUES (1552,'69GB','sata');
INSERT INTO "memoria_ram" (id_producto,capacidad,interfaz) VALUES (1562,'96GB','ide');
INSERT INTO "memoria_ram" (id_producto,capacidad,interfaz) VALUES (1572,'88GB','usb');
INSERT INTO "memoria_ram" (id_producto,capacidad,interfaz) VALUES (1582,'24GB','ide');
INSERT INTO "memoria_ram" (id_producto,capacidad,interfaz) VALUES (1592,'69GB','sata');
INSERT INTO "memoria_ram" (id_producto,capacidad,interfaz) VALUES (1602,'56GB','usb');
INSERT INTO "memoria_ram" (id_producto,capacidad,interfaz) VALUES (1413,'39GB','usb');
INSERT INTO "memoria_ram" (id_producto,capacidad,interfaz) VALUES (1423,'00GB','ide');
INSERT INTO "memoria_ram" (id_producto,capacidad,interfaz) VALUES (1433,'56GB','usb');
INSERT INTO "memoria_ram" (id_producto,capacidad,interfaz) VALUES (1443,'88GB','usb');
INSERT INTO "memoria_ram" (id_producto,capacidad,interfaz) VALUES (1453,'69GB','sata');
INSERT INTO "memoria_ram" (id_producto,capacidad,interfaz) VALUES (1463,'63GB','ide');
INSERT INTO "memoria_ram" (id_producto,capacidad,interfaz) VALUES (1473,'03GB','ide');
INSERT INTO "memoria_ram" (id_producto,capacidad,interfaz) VALUES (1483,'88GB','usb');
INSERT INTO "memoria_ram" (id_producto,capacidad,interfaz) VALUES (1493,'69GB','sata');
INSERT INTO "memoria_ram" (id_producto,capacidad,interfaz) VALUES (1503,'24GB','ide');
INSERT INTO "memoria_ram" (id_producto,capacidad,interfaz) VALUES (1513,'88GB','usb');
INSERT INTO "memoria_ram" (id_producto,capacidad,interfaz) VALUES (1523,'56GB','usb');
INSERT INTO "memoria_ram" (id_producto,capacidad,interfaz) VALUES (1533,'96GB','ide');
INSERT INTO "memoria_ram" (id_producto,capacidad,interfaz) VALUES (1543,'88GB','usb');
INSERT INTO "memoria_ram" (id_producto,capacidad,interfaz) VALUES (1553,'69GB','sata');
INSERT INTO "memoria_ram" (id_producto,capacidad,interfaz) VALUES (1563,'63GB','ide');
INSERT INTO "memoria_ram" (id_producto,capacidad,interfaz) VALUES (1573,'24GB','ide');
INSERT INTO "memoria_ram" (id_producto,capacidad,interfaz) VALUES (1583,'88GB','usb');
INSERT INTO "memoria_ram" (id_producto,capacidad,interfaz) VALUES (1593,'69GB','sata');
INSERT INTO "memoria_ram" (id_producto,capacidad,interfaz) VALUES (1603,'03GB','ide');
INSERT INTO "memoria_ram" (id_producto,capacidad,interfaz) VALUES (1414,'39GB','usb');
INSERT INTO "memoria_ram" (id_producto,capacidad,interfaz) VALUES (1424,'00GB','ide');
INSERT INTO "memoria_ram" (id_producto,capacidad,interfaz) VALUES (1434,'56GB','usb');
INSERT INTO "memoria_ram" (id_producto,capacidad,interfaz) VALUES (1444,'56GB','usb');
INSERT INTO "memoria_ram" (id_producto,capacidad,interfaz) VALUES (1454,'69GB','sata');
INSERT INTO "memoria_ram" (id_producto,capacidad,interfaz) VALUES (1464,'88GB','usb');
INSERT INTO "memoria_ram" (id_producto,capacidad,interfaz) VALUES (1474,'96GB','ide');
INSERT INTO "memoria_ram" (id_producto,capacidad,interfaz) VALUES (1484,'24GB','ide');
INSERT INTO "memoria_ram" (id_producto,capacidad,interfaz) VALUES (1494,'56GB','usb');
INSERT INTO "memoria_ram" (id_producto,capacidad,interfaz) VALUES (1504,'69GB','sata');
INSERT INTO "memoria_ram" (id_producto,capacidad,interfaz) VALUES (1514,'03GB','ide');
INSERT INTO "memoria_ram" (id_producto,capacidad,interfaz) VALUES (1524,'88GB','usb');
INSERT INTO "memoria_ram" (id_producto,capacidad,interfaz) VALUES (1534,'24GB','ide');
INSERT INTO "memoria_ram" (id_producto,capacidad,interfaz) VALUES (1544,'24GB','ide');
INSERT INTO "memoria_ram" (id_producto,capacidad,interfaz) VALUES (1554,'63GB','ide');
INSERT INTO "memoria_ram" (id_producto,capacidad,interfaz) VALUES (1564,'88GB','usb');
INSERT INTO "memoria_ram" (id_producto,capacidad,interfaz) VALUES (1574,'69GB','sata');
INSERT INTO "memoria_ram" (id_producto,capacidad,interfaz) VALUES (1584,'06GB','usb');
INSERT INTO "memoria_ram" (id_producto,capacidad,interfaz) VALUES (1594,'06GB','usb');
INSERT INTO "memoria_ram" (id_producto,capacidad,interfaz) VALUES (1604,'88GB','usb');
INSERT INTO "memoria_ram" (id_producto,capacidad,interfaz) VALUES (1415,'24GB','ide');
INSERT INTO "memoria_ram" (id_producto,capacidad,interfaz) VALUES (1425,'00GB','ide');
INSERT INTO "memoria_ram" (id_producto,capacidad,interfaz) VALUES (1435,'56GB','usb');
INSERT INTO "memoria_ram" (id_producto,capacidad,interfaz) VALUES (1445,'69GB','sata');
INSERT INTO "memoria_ram" (id_producto,capacidad,interfaz) VALUES (1455,'03GB','ide');
INSERT INTO "memoria_ram" (id_producto,capacidad,interfaz) VALUES (1465,'56GB','usb');
INSERT INTO "memoria_ram" (id_producto,capacidad,interfaz) VALUES (1475,'03GB','ide');
INSERT INTO "memoria_ram" (id_producto,capacidad,interfaz) VALUES (1485,'69GB','sata');
INSERT INTO "memoria_ram" (id_producto,capacidad,interfaz) VALUES (1495,'24GB','ide');
INSERT INTO "memoria_ram" (id_producto,capacidad,interfaz) VALUES (1505,'03GB','ide');
INSERT INTO "memoria_ram" (id_producto,capacidad,interfaz) VALUES (1515,'96GB','ide');
INSERT INTO "memoria_ram" (id_producto,capacidad,interfaz) VALUES (1525,'63GB','ide');
INSERT INTO "memoria_ram" (id_producto,capacidad,interfaz) VALUES (1535,'24GB','ide');
INSERT INTO "memoria_ram" (id_producto,capacidad,interfaz) VALUES (1545,'69GB','sata');
INSERT INTO "memoria_ram" (id_producto,capacidad,interfaz) VALUES (1555,'56GB','usb');
INSERT INTO "memoria_ram" (id_producto,capacidad,interfaz) VALUES (1565,'03GB','ide');
INSERT INTO "memoria_ram" (id_producto,capacidad,interfaz) VALUES (1575,'96GB','ide');
INSERT INTO "memoria_ram" (id_producto,capacidad,interfaz) VALUES (1585,'69GB','sata');
INSERT INTO "memoria_ram" (id_producto,capacidad,interfaz) VALUES (1595,'24GB','ide');
INSERT INTO "memoria_ram" (id_producto,capacidad,interfaz) VALUES (1605,'03GB','ide');

---datos disco_duro
INSERT INTO "disco_duro" (id_producto,memoria,marca,tipo) VALUES (121,'80GB','toshiba','HDD');
INSERT INTO "disco_duro" (id_producto,memoria,marca,tipo) VALUES (122,'20GB','intel','sdd');
INSERT INTO "disco_duro" (id_producto,memoria,marca,tipo) VALUES (123,'43GB','digital','hibrido');
INSERT INTO "disco_duro" (id_producto,memoria,marca,tipo) VALUES (124,'64GB','toshiba','HDD');
INSERT INTO "disco_duro" (id_producto,memoria,marca,tipo) VALUES (125,'02GB','intel','sdd');
INSERT INTO "disco_duro" (id_producto,memoria,marca,tipo) VALUES (126,'74GB','digital','hibrido');
INSERT INTO "disco_duro" (id_producto,memoria,marca,tipo) VALUES (127,'57GB','toshiba','HDD');
INSERT INTO "disco_duro" (id_producto,memoria,marca,tipo) VALUES (128,'10GB','intel','sdd');
INSERT INTO "disco_duro" (id_producto,memoria,marca,tipo) VALUES (129,'76GB','digital','hibrido');
INSERT INTO "disco_duro" (id_producto,memoria,marca,tipo) VALUES (130,'15GB','toshiba','HDD');
INSERT INTO "disco_duro" (id_producto,memoria,marca,tipo) VALUES (131,'96GB','intel','sdd');
INSERT INTO "disco_duro" (id_producto,memoria,marca,tipo) VALUES (132,'42GB','digital','hibrido');
INSERT INTO "disco_duro" (id_producto,memoria,marca,tipo) VALUES (133,'79GB','toshiba','HDD');
INSERT INTO "disco_duro" (id_producto,memoria,marca,tipo) VALUES (134,'22GB','intel','sdd');
INSERT INTO "disco_duro" (id_producto,memoria,marca,tipo) VALUES (135,'18GB','digital','hibrido');
INSERT INTO "disco_duro" (id_producto,memoria,marca,tipo) VALUES (136,'75GB','toshiba','HDD');
INSERT INTO "disco_duro" (id_producto,memoria,marca,tipo) VALUES (137,'59GB','intel','sdd');
INSERT INTO "disco_duro" (id_producto,memoria,marca,tipo) VALUES (138,'72GB','digital','hibrido');
INSERT INTO "disco_duro" (id_producto,memoria,marca,tipo) VALUES (139,'78GB','toshiba','HDD');
INSERT INTO "disco_duro" (id_producto,memoria,marca,tipo) VALUES (140,'21GB','intel','sdd');
INSERT INTO "disco_duro" (id_producto,memoria,marca,tipo) VALUES (1211,'80GB','toshiba','HDD');
INSERT INTO "disco_duro" (id_producto,memoria,marca,tipo) VALUES (1221,'20GB','intel','sdd');
INSERT INTO "disco_duro" (id_producto,memoria,marca,tipo) VALUES (1231,'43GB','digital','hibrido');
INSERT INTO "disco_duro" (id_producto,memoria,marca,tipo) VALUES (1241,'64GB','toshiba','HDD');
INSERT INTO "disco_duro" (id_producto,memoria,marca,tipo) VALUES (1251,'02GB','intel','sdd');
INSERT INTO "disco_duro" (id_producto,memoria,marca,tipo) VALUES (1261,'74GB','digital','hibrido');
INSERT INTO "disco_duro" (id_producto,memoria,marca,tipo) VALUES (1271,'57GB','toshiba','HDD');
INSERT INTO "disco_duro" (id_producto,memoria,marca,tipo) VALUES (1281,'10GB','intel','sdd');
INSERT INTO "disco_duro" (id_producto,memoria,marca,tipo) VALUES (1291,'76GB','digital','hibrido');
INSERT INTO "disco_duro" (id_producto,memoria,marca,tipo) VALUES (1301,'15GB','toshiba','HDD');
INSERT INTO "disco_duro" (id_producto,memoria,marca,tipo) VALUES (1311,'96GB','intel','sdd');
INSERT INTO "disco_duro" (id_producto,memoria,marca,tipo) VALUES (1321,'42GB','digital','hibrido');
INSERT INTO "disco_duro" (id_producto,memoria,marca,tipo) VALUES (1331,'79GB','toshiba','HDD');
INSERT INTO "disco_duro" (id_producto,memoria,marca,tipo) VALUES (1341,'22GB','intel','sdd');
INSERT INTO "disco_duro" (id_producto,memoria,marca,tipo) VALUES (1351,'18GB','digital','hibrido');
INSERT INTO "disco_duro" (id_producto,memoria,marca,tipo) VALUES (1361,'75GB','toshiba','HDD');
INSERT INTO "disco_duro" (id_producto,memoria,marca,tipo) VALUES (1371,'59GB','intel','sdd');
INSERT INTO "disco_duro" (id_producto,memoria,marca,tipo) VALUES (1381,'72GB','digital','hibrido');
INSERT INTO "disco_duro" (id_producto,memoria,marca,tipo) VALUES (1391,'78GB','toshiba','HDD');
INSERT INTO "disco_duro" (id_producto,memoria,marca,tipo) VALUES (1401,'21GB','intel','sdd');
INSERT INTO "disco_duro" (id_producto,memoria,marca,tipo) VALUES (1212,'80GB','toshiba','HDD');
INSERT INTO "disco_duro" (id_producto,memoria,marca,tipo) VALUES (1222,'20GB','intel','sdd');
INSERT INTO "disco_duro" (id_producto,memoria,marca,tipo) VALUES (1232,'43GB','digital','hibrido');
INSERT INTO "disco_duro" (id_producto,memoria,marca,tipo) VALUES (1242,'64GB','toshiba','HDD');
INSERT INTO "disco_duro" (id_producto,memoria,marca,tipo) VALUES (1252,'02GB','intel','sdd');
INSERT INTO "disco_duro" (id_producto,memoria,marca,tipo) VALUES (1262,'74GB','digital','hibrido');
INSERT INTO "disco_duro" (id_producto,memoria,marca,tipo) VALUES (1272,'57GB','toshiba','HDD');
INSERT INTO "disco_duro" (id_producto,memoria,marca,tipo) VALUES (1282,'10GB','intel','sdd');
INSERT INTO "disco_duro" (id_producto,memoria,marca,tipo) VALUES (1292,'76GB','digital','hibrido');
INSERT INTO "disco_duro" (id_producto,memoria,marca,tipo) VALUES (1302,'15GB','toshiba','HDD');
INSERT INTO "disco_duro" (id_producto,memoria,marca,tipo) VALUES (1312,'96GB','intel','sdd');
INSERT INTO "disco_duro" (id_producto,memoria,marca,tipo) VALUES (1322,'42GB','digital','hibrido');
INSERT INTO "disco_duro" (id_producto,memoria,marca,tipo) VALUES (1332,'79GB','toshiba','HDD');
INSERT INTO "disco_duro" (id_producto,memoria,marca,tipo) VALUES (1342,'22GB','intel','sdd');
INSERT INTO "disco_duro" (id_producto,memoria,marca,tipo) VALUES (1352,'18GB','digital','hibrido');
INSERT INTO "disco_duro" (id_producto,memoria,marca,tipo) VALUES (1362,'75GB','toshiba','HDD');
INSERT INTO "disco_duro" (id_producto,memoria,marca,tipo) VALUES (1372,'59GB','intel','sdd');
INSERT INTO "disco_duro" (id_producto,memoria,marca,tipo) VALUES (1382,'72GB','digital','hibrido');
INSERT INTO "disco_duro" (id_producto,memoria,marca,tipo) VALUES (1392,'78GB','toshiba','HDD');
INSERT INTO "disco_duro" (id_producto,memoria,marca,tipo) VALUES (1402,'21GB','intel','sdd');
INSERT INTO "disco_duro" (id_producto,memoria,marca,tipo) VALUES (1213,'80GB','toshiba','HDD');
INSERT INTO "disco_duro" (id_producto,memoria,marca,tipo) VALUES (1223,'20GB','intel','sdd');
INSERT INTO "disco_duro" (id_producto,memoria,marca,tipo) VALUES (1233,'43GB','digital','hibrido');
INSERT INTO "disco_duro" (id_producto,memoria,marca,tipo) VALUES (1243,'64GB','toshiba','HDD');
INSERT INTO "disco_duro" (id_producto,memoria,marca,tipo) VALUES (1253,'02GB','intel','sdd');
INSERT INTO "disco_duro" (id_producto,memoria,marca,tipo) VALUES (1263,'74GB','digital','hibrido');
INSERT INTO "disco_duro" (id_producto,memoria,marca,tipo) VALUES (1273,'57GB','toshiba','HDD');
INSERT INTO "disco_duro" (id_producto,memoria,marca,tipo) VALUES (1283,'10GB','intel','sdd');
INSERT INTO "disco_duro" (id_producto,memoria,marca,tipo) VALUES (1293,'76GB','digital','hibrido');
INSERT INTO "disco_duro" (id_producto,memoria,marca,tipo) VALUES (1303,'15GB','toshiba','HDD');
INSERT INTO "disco_duro" (id_producto,memoria,marca,tipo) VALUES (1313,'96GB','intel','sdd');
INSERT INTO "disco_duro" (id_producto,memoria,marca,tipo) VALUES (1323,'42GB','digital','hibrido');
INSERT INTO "disco_duro" (id_producto,memoria,marca,tipo) VALUES (1333,'79GB','toshiba','HDD');
INSERT INTO "disco_duro" (id_producto,memoria,marca,tipo) VALUES (1343,'22GB','intel','sdd');
INSERT INTO "disco_duro" (id_producto,memoria,marca,tipo) VALUES (1353,'18GB','digital','hibrido');
INSERT INTO "disco_duro" (id_producto,memoria,marca,tipo) VALUES (1363,'75GB','toshiba','HDD');
INSERT INTO "disco_duro" (id_producto,memoria,marca,tipo) VALUES (1373,'59GB','intel','sdd');
INSERT INTO "disco_duro" (id_producto,memoria,marca,tipo) VALUES (1383,'72GB','digital','hibrido');
INSERT INTO "disco_duro" (id_producto,memoria,marca,tipo) VALUES (1393,'78GB','toshiba','HDD');
INSERT INTO "disco_duro" (id_producto,memoria,marca,tipo) VALUES (1403,'21GB','intel','sdd');
INSERT INTO "disco_duro" (id_producto,memoria,marca,tipo) VALUES (1214,'80GB','toshiba','HDD');
INSERT INTO "disco_duro" (id_producto,memoria,marca,tipo) VALUES (1224,'20GB','intel','sdd');
INSERT INTO "disco_duro" (id_producto,memoria,marca,tipo) VALUES (1234,'43GB','digital','hibrido');
INSERT INTO "disco_duro" (id_producto,memoria,marca,tipo) VALUES (1244,'64GB','toshiba','HDD');
INSERT INTO "disco_duro" (id_producto,memoria,marca,tipo) VALUES (1254,'02GB','intel','sdd');
INSERT INTO "disco_duro" (id_producto,memoria,marca,tipo) VALUES (1264,'74GB','digital','hibrido');
INSERT INTO "disco_duro" (id_producto,memoria,marca,tipo) VALUES (1274,'57GB','toshiba','HDD');
INSERT INTO "disco_duro" (id_producto,memoria,marca,tipo) VALUES (1284,'10GB','intel','sdd');
INSERT INTO "disco_duro" (id_producto,memoria,marca,tipo) VALUES (1294,'76GB','digital','hibrido');
INSERT INTO "disco_duro" (id_producto,memoria,marca,tipo) VALUES (1304,'15GB','toshiba','HDD');
INSERT INTO "disco_duro" (id_producto,memoria,marca,tipo) VALUES (1314,'96GB','intel','sdd');
INSERT INTO "disco_duro" (id_producto,memoria,marca,tipo) VALUES (1324,'42GB','digital','hibrido');
INSERT INTO "disco_duro" (id_producto,memoria,marca,tipo) VALUES (1334,'79GB','toshiba','HDD');
INSERT INTO "disco_duro" (id_producto,memoria,marca,tipo) VALUES (1344,'22GB','intel','sdd');
INSERT INTO "disco_duro" (id_producto,memoria,marca,tipo) VALUES (1354,'18GB','digital','hibrido');
INSERT INTO "disco_duro" (id_producto,memoria,marca,tipo) VALUES (1364,'75GB','toshiba','HDD');
INSERT INTO "disco_duro" (id_producto,memoria,marca,tipo) VALUES (1374,'59GB','intel','sdd');
INSERT INTO "disco_duro" (id_producto,memoria,marca,tipo) VALUES (1384,'72GB','digital','hibrido');
INSERT INTO "disco_duro" (id_producto,memoria,marca,tipo) VALUES (1394,'78GB','toshiba','HDD');
INSERT INTO "disco_duro" (id_producto,memoria,marca,tipo) VALUES (1404,'21GB','intel','sdd');
INSERT INTO "disco_duro" (id_producto,memoria,marca,tipo) VALUES (1215,'80GB','toshiba','HDD');
INSERT INTO "disco_duro" (id_producto,memoria,marca,tipo) VALUES (1225,'20GB','intel','sdd');
INSERT INTO "disco_duro" (id_producto,memoria,marca,tipo) VALUES (1235,'43GB','digital','hibrido');
INSERT INTO "disco_duro" (id_producto,memoria,marca,tipo) VALUES (1245,'64GB','toshiba','HDD');
INSERT INTO "disco_duro" (id_producto,memoria,marca,tipo) VALUES (1255,'02GB','intel','sdd');
INSERT INTO "disco_duro" (id_producto,memoria,marca,tipo) VALUES (1265,'74GB','digital','hibrido');
INSERT INTO "disco_duro" (id_producto,memoria,marca,tipo) VALUES (1275,'57GB','toshiba','HDD');
INSERT INTO "disco_duro" (id_producto,memoria,marca,tipo) VALUES (1285,'10GB','intel','sdd');
INSERT INTO "disco_duro" (id_producto,memoria,marca,tipo) VALUES (1295,'76GB','digital','hibrido');
INSERT INTO "disco_duro" (id_producto,memoria,marca,tipo) VALUES (1305,'15GB','toshiba','HDD');
INSERT INTO "disco_duro" (id_producto,memoria,marca,tipo) VALUES (1315,'96GB','intel','sdd');
INSERT INTO "disco_duro" (id_producto,memoria,marca,tipo) VALUES (1325,'42GB','digital','hibrido');
INSERT INTO "disco_duro" (id_producto,memoria,marca,tipo) VALUES (1335,'79GB','toshiba','HDD');
INSERT INTO "disco_duro" (id_producto,memoria,marca,tipo) VALUES (1345,'22GB','intel','sdd');
INSERT INTO "disco_duro" (id_producto,memoria,marca,tipo) VALUES (1355,'18GB','digital','hibrido');
INSERT INTO "disco_duro" (id_producto,memoria,marca,tipo) VALUES (1365,'75GB','toshiba','HDD');
INSERT INTO "disco_duro" (id_producto,memoria,marca,tipo) VALUES (1375,'59GB','intel','sdd');
INSERT INTO "disco_duro" (id_producto,memoria,marca,tipo) VALUES (1385,'72GB','digital','hibrido');
INSERT INTO "disco_duro" (id_producto,memoria,marca,tipo) VALUES (1395,'78GB','toshiba','HDD');
INSERT INTO "disco_duro" (id_producto,memoria,marca,tipo) VALUES (1405,'21GB','intel','sdd');

---datos procesador
INSERT INTO "procesador" (id_producto,velocidad,nucleos) VALUES (100,'2142M2Z',11);
INSERT INTO "procesador" (id_producto,velocidad,nucleos) VALUES (101,'7184MBZ',2);
INSERT INTO "procesador" (id_producto,velocidad,nucleos) VALUES (102,'9187M8Z',6);
INSERT INTO "procesador" (id_producto,velocidad,nucleos) VALUES (103,'6883M0Z',1);
INSERT INTO "procesador" (id_producto,velocidad,nucleos) VALUES (104,'8274MAZ',14);
INSERT INTO "procesador" (id_producto,velocidad,nucleos) VALUES (105,'6938MCZ',16);
INSERT INTO "procesador" (id_producto,velocidad,nucleos) VALUES (106,'3393MEZ',13);
INSERT INTO "procesador" (id_producto,velocidad,nucleos) VALUES (107,'9587MAZ',10);
INSERT INTO "procesador" (id_producto,velocidad,nucleos) VALUES (108,'1250M4Z',8);
INSERT INTO "procesador" (id_producto,velocidad,nucleos) VALUES (109,'3375MCZ',10);
INSERT INTO "procesador" (id_producto,velocidad,nucleos) VALUES (110,'2825M8Z',15);
INSERT INTO "procesador" (id_producto,velocidad,nucleos) VALUES (111,'6451MAZ',3);
INSERT INTO "procesador" (id_producto,velocidad,nucleos) VALUES (112,'1184MAZ',17);
INSERT INTO "procesador" (id_producto,velocidad,nucleos) VALUES (113,'7088MAZ',7);
INSERT INTO "procesador" (id_producto,velocidad,nucleos) VALUES (114,'8535M2Z',14);
INSERT INTO "procesador" (id_producto,velocidad,nucleos) VALUES (115,'4834M5Z',14);
INSERT INTO "procesador" (id_producto,velocidad,nucleos) VALUES (116,'5547M8Z',5);
INSERT INTO "procesador" (id_producto,velocidad,nucleos) VALUES (117,'9307M6Z',14);
INSERT INTO "procesador" (id_producto,velocidad,nucleos) VALUES (118,'4302MFZ',7);
INSERT INTO "procesador" (id_producto,velocidad,nucleos) VALUES (119,'0618M7Z',1);
INSERT INTO "procesador" (id_producto,velocidad,nucleos) VALUES (120,'9153M0Z',5);
INSERT INTO "procesador" (id_producto,velocidad,nucleos) VALUES (1001,'2142M2Z',11);
INSERT INTO "procesador" (id_producto,velocidad,nucleos) VALUES (1011,'7184MBZ',2);
INSERT INTO "procesador" (id_producto,velocidad,nucleos) VALUES (1021,'9187M8Z',6);
INSERT INTO "procesador" (id_producto,velocidad,nucleos) VALUES (1031,'6883M0Z',1);
INSERT INTO "procesador" (id_producto,velocidad,nucleos) VALUES (1041,'8274MAZ',14);
INSERT INTO "procesador" (id_producto,velocidad,nucleos) VALUES (1051,'6938MCZ',16);
INSERT INTO "procesador" (id_producto,velocidad,nucleos) VALUES (1061,'3393MEZ',13);
INSERT INTO "procesador" (id_producto,velocidad,nucleos) VALUES (1071,'9587MAZ',10);
INSERT INTO "procesador" (id_producto,velocidad,nucleos) VALUES (1081,'1250M4Z',8);
INSERT INTO "procesador" (id_producto,velocidad,nucleos) VALUES (1091,'3375MCZ',10);
INSERT INTO "procesador" (id_producto,velocidad,nucleos) VALUES (1101,'2825M8Z',15);
INSERT INTO "procesador" (id_producto,velocidad,nucleos) VALUES (1111,'6451MAZ',3);
INSERT INTO "procesador" (id_producto,velocidad,nucleos) VALUES (1121,'1184MAZ',17);
INSERT INTO "procesador" (id_producto,velocidad,nucleos) VALUES (1131,'7088MAZ',7);
INSERT INTO "procesador" (id_producto,velocidad,nucleos) VALUES (1141,'8535M2Z',14);
INSERT INTO "procesador" (id_producto,velocidad,nucleos) VALUES (1151,'4834M5Z',14);
INSERT INTO "procesador" (id_producto,velocidad,nucleos) VALUES (1161,'5547M8Z',5);
INSERT INTO "procesador" (id_producto,velocidad,nucleos) VALUES (1171,'9307M6Z',14);
INSERT INTO "procesador" (id_producto,velocidad,nucleos) VALUES (1181,'4302MFZ',7);
INSERT INTO "procesador" (id_producto,velocidad,nucleos) VALUES (1191,'0618M7Z',1);
INSERT INTO "procesador" (id_producto,velocidad,nucleos) VALUES (1201,'9153M0Z',5);
INSERT INTO "procesador" (id_producto,velocidad,nucleos) VALUES (1002,'2142M2Z',11);
INSERT INTO "procesador" (id_producto,velocidad,nucleos) VALUES (1012,'7184MBZ',2);
INSERT INTO "procesador" (id_producto,velocidad,nucleos) VALUES (1022,'9187M8Z',6);
INSERT INTO "procesador" (id_producto,velocidad,nucleos) VALUES (1032,'6883M0Z',1);
INSERT INTO "procesador" (id_producto,velocidad,nucleos) VALUES (1042,'8274MAZ',14);
INSERT INTO "procesador" (id_producto,velocidad,nucleos) VALUES (1052,'6938MCZ',16);
INSERT INTO "procesador" (id_producto,velocidad,nucleos) VALUES (1062,'3393MEZ',13);
INSERT INTO "procesador" (id_producto,velocidad,nucleos) VALUES (1072,'9587MAZ',10);
INSERT INTO "procesador" (id_producto,velocidad,nucleos) VALUES (1082,'1250M4Z',8);
INSERT INTO "procesador" (id_producto,velocidad,nucleos) VALUES (1092,'3375MCZ',10);
INSERT INTO "procesador" (id_producto,velocidad,nucleos) VALUES (1102,'2825M8Z',15);
INSERT INTO "procesador" (id_producto,velocidad,nucleos) VALUES (1112,'6451MAZ',3);
INSERT INTO "procesador" (id_producto,velocidad,nucleos) VALUES (1122,'1184MAZ',17);
INSERT INTO "procesador" (id_producto,velocidad,nucleos) VALUES (1132,'7088MAZ',7);
INSERT INTO "procesador" (id_producto,velocidad,nucleos) VALUES (1142,'8535M2Z',14);
INSERT INTO "procesador" (id_producto,velocidad,nucleos) VALUES (1152,'4834M5Z',14);
INSERT INTO "procesador" (id_producto,velocidad,nucleos) VALUES (1162,'5547M8Z',5);
INSERT INTO "procesador" (id_producto,velocidad,nucleos) VALUES (1172,'9307M6Z',14);
INSERT INTO "procesador" (id_producto,velocidad,nucleos) VALUES (1182,'4302MFZ',7);
INSERT INTO "procesador" (id_producto,velocidad,nucleos) VALUES (1192,'0618M7Z',1);
INSERT INTO "procesador" (id_producto,velocidad,nucleos) VALUES (1202,'9153M0Z',5);
INSERT INTO "procesador" (id_producto,velocidad,nucleos) VALUES (1003,'2142M2Z',11);
INSERT INTO "procesador" (id_producto,velocidad,nucleos) VALUES (1013,'7184MBZ',2);
INSERT INTO "procesador" (id_producto,velocidad,nucleos) VALUES (1023,'9187M8Z',6);
INSERT INTO "procesador" (id_producto,velocidad,nucleos) VALUES (1033,'6883M0Z',1);
INSERT INTO "procesador" (id_producto,velocidad,nucleos) VALUES (1043,'8274MAZ',14);
INSERT INTO "procesador" (id_producto,velocidad,nucleos) VALUES (1053,'6938MCZ',16);
INSERT INTO "procesador" (id_producto,velocidad,nucleos) VALUES (1063,'3393MEZ',13);
INSERT INTO "procesador" (id_producto,velocidad,nucleos) VALUES (1073,'9587MAZ',10);
INSERT INTO "procesador" (id_producto,velocidad,nucleos) VALUES (1083,'1250M4Z',8);
INSERT INTO "procesador" (id_producto,velocidad,nucleos) VALUES (1093,'3375MCZ',10);
INSERT INTO "procesador" (id_producto,velocidad,nucleos) VALUES (1103,'2825M8Z',15);
INSERT INTO "procesador" (id_producto,velocidad,nucleos) VALUES (1113,'6451MAZ',3);
INSERT INTO "procesador" (id_producto,velocidad,nucleos) VALUES (1123,'1184MAZ',17);
INSERT INTO "procesador" (id_producto,velocidad,nucleos) VALUES (1133,'7088MAZ',7);
INSERT INTO "procesador" (id_producto,velocidad,nucleos) VALUES (1143,'8535M2Z',14);
INSERT INTO "procesador" (id_producto,velocidad,nucleos) VALUES (1153,'4834M5Z',14);
INSERT INTO "procesador" (id_producto,velocidad,nucleos) VALUES (1163,'5547M8Z',5);
INSERT INTO "procesador" (id_producto,velocidad,nucleos) VALUES (1173,'9307M6Z',14);
INSERT INTO "procesador" (id_producto,velocidad,nucleos) VALUES (1183,'4302MFZ',7);
INSERT INTO "procesador" (id_producto,velocidad,nucleos) VALUES (1193,'0618M7Z',1);
INSERT INTO "procesador" (id_producto,velocidad,nucleos) VALUES (1203,'9153M0Z',5);
INSERT INTO "procesador" (id_producto,velocidad,nucleos) VALUES (1004,'2142M2Z',11);
INSERT INTO "procesador" (id_producto,velocidad,nucleos) VALUES (1014,'7184MBZ',2);
INSERT INTO "procesador" (id_producto,velocidad,nucleos) VALUES (1024,'9187M8Z',6);
INSERT INTO "procesador" (id_producto,velocidad,nucleos) VALUES (1034,'6883M0Z',1);
INSERT INTO "procesador" (id_producto,velocidad,nucleos) VALUES (1044,'8274MAZ',14);
INSERT INTO "procesador" (id_producto,velocidad,nucleos) VALUES (1054,'6938MCZ',16);
INSERT INTO "procesador" (id_producto,velocidad,nucleos) VALUES (1064,'3393MEZ',13);
INSERT INTO "procesador" (id_producto,velocidad,nucleos) VALUES (1074,'9587MAZ',10);
INSERT INTO "procesador" (id_producto,velocidad,nucleos) VALUES (1084,'1250M4Z',8);
INSERT INTO "procesador" (id_producto,velocidad,nucleos) VALUES (1094,'3375MCZ',10);
INSERT INTO "procesador" (id_producto,velocidad,nucleos) VALUES (1104,'2825M8Z',15);
INSERT INTO "procesador" (id_producto,velocidad,nucleos) VALUES (1114,'6451MAZ',3);
INSERT INTO "procesador" (id_producto,velocidad,nucleos) VALUES (1124,'1184MAZ',17);
INSERT INTO "procesador" (id_producto,velocidad,nucleos) VALUES (1134,'7088MAZ',7);
INSERT INTO "procesador" (id_producto,velocidad,nucleos) VALUES (1144,'8535M2Z',14);
INSERT INTO "procesador" (id_producto,velocidad,nucleos) VALUES (1154,'4834M5Z',14);
INSERT INTO "procesador" (id_producto,velocidad,nucleos) VALUES (1164,'5547M8Z',5);
INSERT INTO "procesador" (id_producto,velocidad,nucleos) VALUES (1174,'9307M6Z',14);
INSERT INTO "procesador" (id_producto,velocidad,nucleos) VALUES (1184,'4302MFZ',7);
INSERT INTO "procesador" (id_producto,velocidad,nucleos) VALUES (1194,'0618M7Z',1);
INSERT INTO "procesador" (id_producto,velocidad,nucleos) VALUES (1204,'9153M0Z',5);
INSERT INTO "procesador" (id_producto,velocidad,nucleos) VALUES (1005,'2142M2Z',11);
INSERT INTO "procesador" (id_producto,velocidad,nucleos) VALUES (1015,'7184MBZ',2);
INSERT INTO "procesador" (id_producto,velocidad,nucleos) VALUES (1025,'9187M8Z',6);
INSERT INTO "procesador" (id_producto,velocidad,nucleos) VALUES (1035,'6883M0Z',1);
INSERT INTO "procesador" (id_producto,velocidad,nucleos) VALUES (1045,'8274MAZ',14);
INSERT INTO "procesador" (id_producto,velocidad,nucleos) VALUES (1055,'6938MCZ',16);
INSERT INTO "procesador" (id_producto,velocidad,nucleos) VALUES (1065,'3393MEZ',13);
INSERT INTO "procesador" (id_producto,velocidad,nucleos) VALUES (1075,'9587MAZ',10);
INSERT INTO "procesador" (id_producto,velocidad,nucleos) VALUES (1085,'1250M4Z',8);
INSERT INTO "procesador" (id_producto,velocidad,nucleos) VALUES (1095,'3375MCZ',10);
INSERT INTO "procesador" (id_producto,velocidad,nucleos) VALUES (1105,'2825M8Z',15);
INSERT INTO "procesador" (id_producto,velocidad,nucleos) VALUES (1115,'6451MAZ',3);
INSERT INTO "procesador" (id_producto,velocidad,nucleos) VALUES (1125,'1184MAZ',17);
INSERT INTO "procesador" (id_producto,velocidad,nucleos) VALUES (1135,'7088MAZ',7);
INSERT INTO "procesador" (id_producto,velocidad,nucleos) VALUES (1145,'8535M2Z',14);
INSERT INTO "procesador" (id_producto,velocidad,nucleos) VALUES (1155,'4834M5Z',14);
INSERT INTO "procesador" (id_producto,velocidad,nucleos) VALUES (1165,'5547M8Z',5);
INSERT INTO "procesador" (id_producto,velocidad,nucleos) VALUES (1175,'9307M6Z',14);
INSERT INTO "procesador" (id_producto,velocidad,nucleos) VALUES (1185,'4302MFZ',7);
INSERT INTO "procesador" (id_producto,velocidad,nucleos) VALUES (1195,'0618M7Z',1);
INSERT INTO "procesador" (id_producto,velocidad,nucleos) VALUES (1205,'9153M0Z',5);

INSERT INTO pedido (id_pedido,monto_final) VALUES (1000,0);
INSERT INTO pedido (id_pedido,monto_final) VALUES (1001,0);
INSERT INTO pedido (id_pedido,monto_final) VALUES (1002,0);
INSERT INTO pedido (id_pedido,monto_final) VALUES (1003,0);
INSERT INTO pedido (id_pedido,monto_final) VALUES (1004,0);
INSERT INTO pedido (id_pedido,monto_final) VALUES (1005,0);
INSERT INTO pedido (id_pedido,monto_final) VALUES (1006,0);
INSERT INTO pedido (id_pedido,monto_final) VALUES (1007,0);
INSERT INTO pedido (id_pedido,monto_final) VALUES (1008,0);
INSERT INTO pedido (id_pedido,monto_final) VALUES (1009,0);
INSERT INTO pedido (id_pedido,monto_final) VALUES (1010,0);
INSERT INTO pedido (id_pedido,monto_final) VALUES (1011,0);
INSERT INTO pedido (id_pedido,monto_final) VALUES (1012,0);
INSERT INTO pedido (id_pedido,monto_final) VALUES (1013,0);
INSERT INTO pedido (id_pedido,monto_final) VALUES (1014,0);
INSERT INTO pedido (id_pedido,monto_final) VALUES (1015,0);
INSERT INTO pedido (id_pedido,monto_final) VALUES (1016,0);
INSERT INTO pedido (id_pedido,monto_final) VALUES (1017,0);
INSERT INTO pedido (id_pedido,monto_final) VALUES (1018,0);
INSERT INTO pedido (id_pedido,monto_final) VALUES (1019,0);
INSERT INTO pedido (id_pedido,monto_final) VALUES (1020,0);
INSERT INTO pedido (id_pedido,monto_final) VALUES (1021,0);
INSERT INTO pedido (id_pedido,monto_final) VALUES (1022,0);
INSERT INTO pedido (id_pedido,monto_final) VALUES (1023,0);
INSERT INTO pedido (id_pedido,monto_final) VALUES (1024,0);
INSERT INTO pedido (id_pedido,monto_final) VALUES (1025,0);
INSERT INTO pedido (id_pedido,monto_final) VALUES (1026,0);
INSERT INTO pedido (id_pedido,monto_final) VALUES (1027,0);
INSERT INTO pedido (id_pedido,monto_final) VALUES (1028,0);
INSERT INTO pedido (id_pedido,monto_final) VALUES (1029,0);
INSERT INTO pedido (id_pedido,monto_final) VALUES (1030,0);
INSERT INTO pedido (id_pedido,monto_final) VALUES (1031,0);
INSERT INTO pedido (id_pedido,monto_final) VALUES (1032,0);
INSERT INTO pedido (id_pedido,monto_final) VALUES (1033,0);
INSERT INTO pedido (id_pedido,monto_final) VALUES (1034,0);
INSERT INTO pedido (id_pedido,monto_final) VALUES (1035,0);
INSERT INTO pedido (id_pedido,monto_final) VALUES (1036,0);
INSERT INTO pedido (id_pedido,monto_final) VALUES (1037,0);
INSERT INTO pedido (id_pedido,monto_final) VALUES (1038,0);
INSERT INTO pedido (id_pedido,monto_final) VALUES (1039,0);
INSERT INTO pedido (id_pedido,monto_final) VALUES (1040,0);
INSERT INTO pedido (id_pedido,monto_final) VALUES (1041,0);
INSERT INTO pedido (id_pedido,monto_final) VALUES (1042,0);
INSERT INTO pedido (id_pedido,monto_final) VALUES (1043,0);
INSERT INTO pedido (id_pedido,monto_final) VALUES (1044,0);
INSERT INTO pedido (id_pedido,monto_final) VALUES (1045,0);
INSERT INTO pedido (id_pedido,monto_final) VALUES (1046,0);
INSERT INTO pedido (id_pedido,monto_final) VALUES (1047,0);
INSERT INTO pedido (id_pedido,monto_final) VALUES (1048,0);
INSERT INTO pedido (id_pedido,monto_final) VALUES (1049,0);
INSERT INTO pedido (id_pedido,monto_final) VALUES (1050,0);
INSERT INTO pedido (id_pedido,monto_final) VALUES (1051,0);
INSERT INTO pedido (id_pedido,monto_final) VALUES (1052,0);
INSERT INTO pedido (id_pedido,monto_final) VALUES (1053,0);
INSERT INTO pedido (id_pedido,monto_final) VALUES (1054,0);
INSERT INTO pedido (id_pedido,monto_final) VALUES (1055,0);
INSERT INTO pedido (id_pedido,monto_final) VALUES (1056,0);
INSERT INTO pedido (id_pedido,monto_final) VALUES (1057,0);
INSERT INTO pedido (id_pedido,monto_final) VALUES (1058,0);
INSERT INTO pedido (id_pedido,monto_final) VALUES (1059,0);
INSERT INTO pedido (id_pedido,monto_final) VALUES (1060,0);
INSERT INTO pedido (id_pedido,monto_final) VALUES (1061,0);
INSERT INTO pedido (id_pedido,monto_final) VALUES (1062,0);
INSERT INTO pedido (id_pedido,monto_final) VALUES (1063,0);
INSERT INTO pedido (id_pedido,monto_final) VALUES (1064,0);
INSERT INTO pedido (id_pedido,monto_final) VALUES (1065,0);
INSERT INTO pedido (id_pedido,monto_final) VALUES (1066,0);
INSERT INTO pedido (id_pedido,monto_final) VALUES (1067,0);
INSERT INTO pedido (id_pedido,monto_final) VALUES (1068,0);
INSERT INTO pedido (id_pedido,monto_final) VALUES (1069,0);
INSERT INTO pedido (id_pedido,monto_final) VALUES (1070,0);
INSERT INTO pedido (id_pedido,monto_final) VALUES (1071,0);
INSERT INTO pedido (id_pedido,monto_final) VALUES (1072,0);
INSERT INTO pedido (id_pedido,monto_final) VALUES (1073,0);
INSERT INTO pedido (id_pedido,monto_final) VALUES (1074,0);
INSERT INTO pedido (id_pedido,monto_final) VALUES (1075,0);
INSERT INTO pedido (id_pedido,monto_final) VALUES (1076,0);
INSERT INTO pedido (id_pedido,monto_final) VALUES (1077,0);
INSERT INTO pedido (id_pedido,monto_final) VALUES (1078,0);
INSERT INTO pedido (id_pedido,monto_final) VALUES (1079,0);
INSERT INTO pedido (id_pedido,monto_final) VALUES (1080,0);
INSERT INTO pedido (id_pedido,monto_final) VALUES (1081,0);
INSERT INTO pedido (id_pedido,monto_final) VALUES (1082,0);
INSERT INTO pedido (id_pedido,monto_final) VALUES (1083,0);
INSERT INTO pedido (id_pedido,monto_final) VALUES (1084,0);
INSERT INTO pedido (id_pedido,monto_final) VALUES (1085,0);
INSERT INTO pedido (id_pedido,monto_final) VALUES (1086,0);
INSERT INTO pedido (id_pedido,monto_final) VALUES (1087,0);
INSERT INTO pedido (id_pedido,monto_final) VALUES (1088,0);
INSERT INTO pedido (id_pedido,monto_final) VALUES (1089,0);
INSERT INTO pedido (id_pedido,monto_final) VALUES (1090,0);
INSERT INTO pedido (id_pedido,monto_final) VALUES (1091,0);
INSERT INTO pedido (id_pedido,monto_final) VALUES (1092,0);
INSERT INTO pedido (id_pedido,monto_final) VALUES (1093,0);
INSERT INTO pedido (id_pedido,monto_final) VALUES (1094,0);
INSERT INTO pedido (id_pedido,monto_final) VALUES (1095,0);
INSERT INTO pedido (id_pedido,monto_final) VALUES (1096,0);
INSERT INTO pedido (id_pedido,monto_final) VALUES (1097,0);
INSERT INTO pedido (id_pedido,monto_final) VALUES (1098,0);
INSERT INTO pedido (id_pedido,monto_final) VALUES (1099,0);



---cliente
INSERT INTO cliente (id_cliente,nombre,apellido_paterno,apellido_materno,usuario,pasword,telefono,email,numero_tarjetac,numero,calle,colonia,ciudad,pais) VALUES (10021,'Vanna','Little','Horton','Maggy','2125','02 92 33 86 85','sed@semconsequat.net','372527017755895','93','Zaria','KD','Zaria','Qatar');
INSERT INTO cliente (id_cliente,nombre,apellido_paterno,apellido_materno,usuario,pasword,telefono,email,numero_tarjetac,numero,calle,colonia,ciudad,pais) VALUES (10022,'Reagan','Rojas','Johns','Alika','3176','06 82 41 81 49','felis@accumsanlaoreetipsum.edu','5232966699046087','00','Appleby','WE','Kirkby Lonsdale','Japan');
INSERT INTO cliente (id_cliente,nombre,apellido_paterno,apellido_materno,usuario,pasword,telefono,email,numero_tarjetac,numero,calle,colonia,ciudad,pais) VALUES (10023,'Keelie','Gay','Hudson','Remedios','6767','01 65 71 75 73','vulputate@sociis.org','4187389239249758','83','Dieppe','New Brunswick','Grand Falls','Guernsey');
INSERT INTO cliente (id_cliente,nombre,apellido_paterno,apellido_materno,usuario,pasword,telefono,email,numero_tarjetac,numero,calle,colonia,ciudad,pais) VALUES (10024,'Dieter','Franco','Ellison','Rana','8895','07 18 72 89 31','Suspendisse.tristique.neque@ridiculus.edu','343257841526064','68','Brisbane','Queensland','Hervey Bay','Slovenia');
INSERT INTO cliente (id_cliente,nombre,apellido_paterno,apellido_materno,usuario,pasword,telefono,email,numero_tarjetac,numero,calle,colonia,ciudad,pais) VALUES (10025,'Felicia','Becker','Hill','Vivian','5284','08 69 41 66 83','amet.consectetuer.adipiscing@lectus.edu','5162768283192990','03','Sambhal','Uttar Pradesh','Fatehpur','Sint Maarten');
INSERT INTO cliente (id_cliente,nombre,apellido_paterno,apellido_materno,usuario,pasword,telefono,email,numero_tarjetac,numero,calle,colonia,ciudad,pais) VALUES (10026,'Erin','Gutierrez','Melton','Illana','8950','01 25 93 06 34','vestibulum.neque@et.co.uk','377426438479683','28','Adelaide','South Australia','Victor Harbor','Nauru');
INSERT INTO cliente (id_cliente,nombre,apellido_paterno,apellido_materno,usuario,pasword,telefono,email,numero_tarjetac,numero,calle,colonia,ciudad,pais) VALUES (10027,'Kaitlin','Sandoval','Montgomery','Kiona','4825','03 62 49 75 60','pellentesque@felisorciadipiscing.co.uk','5390361854480576','97','Cork','M','Cork','Bouvet Island');
INSERT INTO cliente (id_cliente,nombre,apellido_paterno,apellido_materno,usuario,pasword,telefono,email,numero_tarjetac,numero,calle,colonia,ciudad,pais) VALUES (10028,'Guy','Huber','Knowles','Tallulah','9542','07 91 43 32 15','dolor.sit@semperrutrum.com','5323551160194913','54','Oviedo','AS','Oviedo','United Kingdom (Great Britain)');
INSERT INTO cliente (id_cliente,nombre,apellido_paterno,apellido_materno,usuario,pasword,telefono,email,numero_tarjetac,numero,calle,colonia,ciudad,pais) VALUES (10029,'Fleur','Perry','Holland','Latifah','6669','06 15 60 20 25','quam.elementum.at@Donecconsectetuermauris.edu','5172652678508313','70','Kaduna','Kaduna','Zaria','Andorra');
INSERT INTO cliente (id_cliente,nombre,apellido_paterno,apellido_materno,usuario,pasword,telefono,email,numero_tarjetac,numero,calle,colonia,ciudad,pais) VALUES (100210,'Hope','Contreras','Kaufman','Chester','5277','05 67 85 62 96','elit.pellentesque.a@disparturientmontes.edu','4817649189895017','74','Malaga','AN','Jerez de la Frontera','Celand Islands');
INSERT INTO cliente (id_cliente,nombre,apellido_paterno,apellido_materno,usuario,pasword,telefono,email,numero_tarjetac,numero,calle,colonia,ciudad,pais) VALUES (100211,'Lila','Davidson','Macias','Sonia','3008','01 02 51 12 34','et.ultrices@pharetra.org','348610146678981','34','Eghezee','Namen','Vedrin','Malaysia');
INSERT INTO cliente (id_cliente,nombre,apellido_paterno,apellido_materno,usuario,pasword,telefono,email,numero_tarjetac,numero,calle,colonia,ciudad,pais) VALUES (100212,'Madonna','Jackson','Dorsey','Ross','6279','01 29 11 15 94','Nunc.laoreet@duinecurna.co.uk','5125719473510986','99','Berlin','Berlin','Berlin','Paraguay');
INSERT INTO cliente (id_cliente,nombre,apellido_paterno,apellido_materno,usuario,pasword,telefono,email,numero_tarjetac,numero,calle,colonia,ciudad,pais) VALUES (100213,'Lance','Barrera','Livingston','Leslie','9182','08 52 34 52 10','cursus.et@duinec.edu','374014010888993','24','Hamburg','Hamburg','Hamburg','Sri Lanka');
INSERT INTO cliente (id_cliente,nombre,apellido_paterno,apellido_materno,usuario,pasword,telefono,email,numero_tarjetac,numero,calle,colonia,ciudad,pais) VALUES (100214,'Griffin','Carter','Levy','Barry','4140','08 49 70 51 39','mi.felis.adipiscing@eratVivamusnisi.ca','348193144406190','04','Minervino di Lecce','Puglia','Porto Cesareo','Cyprus');
INSERT INTO cliente (id_cliente,nombre,apellido_paterno,apellido_materno,usuario,pasword,telefono,email,numero_tarjetac,numero,calle,colonia,ciudad,pais) VALUES (100215,'Lisandra','Morin','Jennings','Allen','8907','02 25 27 18 59','tellus@Pellentesquetincidunttempus.ca','4583093976601953','03','Toronto','Ontario','Markham','Cuba');
INSERT INTO cliente (id_cliente,nombre,apellido_paterno,apellido_materno,usuario,pasword,telefono,email,numero_tarjetac,numero,calle,colonia,ciudad,pais) VALUES (100216,'Sandra','Stone','Cross','Gemma','8579','03 36 04 50 19','scelerisque.neque@necorci.org','375815231693908','58','Antakya','Hatay','Iskenderun','Nigeria');
INSERT INTO cliente (id_cliente,nombre,apellido_paterno,apellido_materno,usuario,pasword,telefono,email,numero_tarjetac,numero,calle,colonia,ciudad,pais) VALUES (100217,'Nadine','Colon','Pope','Xerxes','1422','09 02 17 66 50','et.nunc@variusultrices.com','5340154749224892','51','Townsville','Queensland','Hervey Bay','Cayman Islands');
INSERT INTO cliente (id_cliente,nombre,apellido_paterno,apellido_materno,usuario,pasword,telefono,email,numero_tarjetac,numero,calle,colonia,ciudad,pais) VALUES (100218,'Ramona','Rutledge','Shaffer','Brittany','7790','09 40 74 07 15','elit.Etiam@aliquameu.net','4809276496758688','58','Redlands','Queensland','Bundaberg','Luxembourg');
INSERT INTO cliente (id_cliente,nombre,apellido_paterno,apellido_materno,usuario,pasword,telefono,email,numero_tarjetac,numero,calle,colonia,ciudad,pais) VALUES (100219,'Emi','Myers','Walsh','Elaine','1481','02 55 85 53 41','sit@aliquet.co.uk','5322553623234859','31','Pozanti','Adana','Pozanti','Marshall Islands');
INSERT INTO cliente (id_cliente,nombre,apellido_paterno,apellido_materno,usuario,pasword,telefono,email,numero_tarjetac,numero,calle,colonia,ciudad,pais) VALUES (100220,'Karleigh','Whitaker','Holmes','Dai','8877','07 14 63 92 57','sit.amet@dolorsit.org','346272991071455','15','Blois','CE','Jouse-les-Tours','Guatemala');
INSERT INTO cliente (id_cliente,nombre,apellido_paterno,apellido_materno,usuario,pasword,telefono,email,numero_tarjetac,numero,calle,colonia,ciudad,pais) VALUES (100221,'Lester','Strickland','Barr','Donna','8844','06 11 80 64 99','lobortis.mauris.Suspendisse@gravidaAliquamtincidunt.co.uk','5136912119039331','09','Vienna','Wie','Vienna','Somalia');
INSERT INTO cliente (id_cliente,nombre,apellido_paterno,apellido_materno,usuario,pasword,telefono,email,numero_tarjetac,numero,calle,colonia,ciudad,pais) VALUES (100222,'Kelsey','Harmon','Hinton','Francesca','3884','01 53 82 30 97','vulputate.velit.eu@ornarelibero.co.uk','5149465742274188','84','Bergen op Zoom','N.','Roosendaal','Panama');
INSERT INTO cliente (id_cliente,nombre,apellido_paterno,apellido_materno,usuario,pasword,telefono,email,numero_tarjetac,numero,calle,colonia,ciudad,pais) VALUES (100223,'Willow','Keith','Porter','Moana','1556','08 59 53 44 36','varius@bibendumullamcorperDuis.ca','347469801404970','42','Chilliwack','British Columbia','Fraser Lake','Bosnia and Herzegovina');
INSERT INTO cliente (id_cliente,nombre,apellido_paterno,apellido_materno,usuario,pasword,telefono,email,numero_tarjetac,numero,calle,colonia,ciudad,pais) VALUES (100224,'May','Blake','Jacobs','Eric','2775','07 33 40 54 23','tincidunt.orci@vestibulumloremsit.com','5436232138946656','02','Montluron','AU','Vichy','Kyrgyzstan');
INSERT INTO cliente (id_cliente,nombre,apellido_paterno,apellido_materno,usuario,pasword,telefono,email,numero_tarjetac,numero,calle,colonia,ciudad,pais) VALUES (100225,'Joseph','Adams','Frederick','Cherokee','8700','08 92 29 28 26','tellus@acliberonec.net','5179000994213858','36','Buren','Gl','Nijkerk','Moldova');
INSERT INTO cliente (id_cliente,nombre,apellido_paterno,apellido_materno,usuario,pasword,telefono,email,numero_tarjetac,numero,calle,colonia,ciudad,pais) VALUES (100226,'Rahim','Foreman','Turner','Samantha','1616','09 35 16 65 19','Nam@nullaCras.com','4884349906444544','62','Cupar','FI','Burntisland','Qatar');
INSERT INTO cliente (id_cliente,nombre,apellido_paterno,apellido_materno,usuario,pasword,telefono,email,numero_tarjetac,numero,calle,colonia,ciudad,pais) VALUES (100227,'Cleo','Briggs','Pennington','Martin','4037','05 70 53 19 36','arcu.Vivamus.sit@odio.net','5181891173333863','78','Goulburn','New South Wales','Penrith','Bahamas');
INSERT INTO cliente (id_cliente,nombre,apellido_paterno,apellido_materno,usuario,pasword,telefono,email,numero_tarjetac,numero,calle,colonia,ciudad,pais) VALUES (100228,'Sloane','Cooke','Griffin','Fay','2643','04 23 01 95 77','sit@necmollis.net','374565492164809','85','Porirua','North Island','Waiheke Island','Maldives');
INSERT INTO cliente (id_cliente,nombre,apellido_paterno,apellido_materno,usuario,pasword,telefono,email,numero_tarjetac,numero,calle,colonia,ciudad,pais) VALUES (100229,'Blaine','Neal','Marquez','Wynter','1273','06 89 10 50 61','a.malesuada.id@ante.org','341539482401212','72','Jelenia G','DS','Wroclaw','Tanzania');
INSERT INTO cliente (id_cliente,nombre,apellido_paterno,apellido_materno,usuario,pasword,telefono,email,numero_tarjetac,numero,calle,colonia,ciudad,pais) VALUES (100230,'Alexander','Ruiz','Franks','Hu','7547','01 85 02 29 96','id.nunc@Sed.com','342802896657493','43','San Francisco','Heredia','San Francisco','Holy See (Vatican City State)');
INSERT INTO cliente (id_cliente,nombre,apellido_paterno,apellido_materno,usuario,pasword,telefono,email,numero_tarjetac,numero,calle,colonia,ciudad,pais) VALUES (100231,'Ahmed','Mullins','Benson','Jonah','3505','06 23 51 53 53','facilisis.facilisis.magna@nec.co.uk','5324572967165141','03','Worcester','Worcestershire','Halesowen','Zambia');
INSERT INTO cliente (id_cliente,nombre,apellido_paterno,apellido_materno,usuario,pasword,telefono,email,numero_tarjetac,numero,calle,colonia,ciudad,pais) VALUES (100232,'Chava','Hunt','Wolfe','Willow','9839','05 72 90 89 44','suscipit@ornareelit.org','379819134291721','31','Saint-Eug?ne-de-Guigues','Quebec','Asbestos','United Arab Emirates');
INSERT INTO cliente (id_cliente,nombre,apellido_paterno,apellido_materno,usuario,pasword,telefono,email,numero_tarjetac,numero,calle,colonia,ciudad,pais) VALUES (100233,'Caesar','Farmer','Caldwell','Amena','4737','04 62 99 18 26','sapien.Nunc.pulvinar@feugiat.com','5448059678017164','27','Canberra','Australian Capital Territory','Canberra','Cambodia');
INSERT INTO cliente (id_cliente,nombre,apellido_paterno,apellido_materno,usuario,pasword,telefono,email,numero_tarjetac,numero,calle,colonia,ciudad,pais) VALUES (100234,'Molly','Alvarez','Kennedy','Jayme','1939','08 96 41 77 52','Aliquam.nisl.Nulla@nonmagnaNam.edu','343510153374166','01','Lowell','Massachusetts','Lowell','Pitcairn Islands');
INSERT INTO cliente (id_cliente,nombre,apellido_paterno,apellido_materno,usuario,pasword,telefono,email,numero_tarjetac,numero,calle,colonia,ciudad,pais) VALUES (100235,'Beatrice','Vazquez','Parks','Bruce','8725','02 95 11 70 67','Donec.est@enimMaurisquis.org','346348520928999','93','R?dermark','Hesse','Taunusstein','Canada');
INSERT INTO cliente (id_cliente,nombre,apellido_paterno,apellido_materno,usuario,pasword,telefono,email,numero_tarjetac,numero,calle,colonia,ciudad,pais) VALUES (100236,'Avram','Barnes','Berry','Palmer','9878','07 63 01 36 32','non.vestibulum.nec@montesnasceturridiculus.edu','343509365014269','56','Otukpo','Benue','Otukpo','Bulgaria');
INSERT INTO cliente (id_cliente,nombre,apellido_paterno,apellido_materno,usuario,pasword,telefono,email,numero_tarjetac,numero,calle,colonia,ciudad,pais) VALUES (100237,'Isaac','Hooper','Norris','Vernon','4647','07 63 31 92 00','felis.purus.ac@Donecluctusaliquet.net','5177757146731016','45','Buguma','Rivers','Port Harcourt','Isle of Man');
INSERT INTO cliente (id_cliente,nombre,apellido_paterno,apellido_materno,usuario,pasword,telefono,email,numero_tarjetac,numero,calle,colonia,ciudad,pais) VALUES (100238,'Hammett','Warner','Hurst','Bevis','5853','02 54 09 29 40','mauris.aliquam@Loremipsumdolor.edu','5357469264501704','27','Maiduguri','Borno','Bama','Gibraltar');
INSERT INTO cliente (id_cliente,nombre,apellido_paterno,apellido_materno,usuario,pasword,telefono,email,numero_tarjetac,numero,calle,colonia,ciudad,pais) VALUES (100239,'Uma','Melton','Clemons','Elvis','8613','01 80 51 41 69','lacinia.vitae.sodales@lacus.net','5123979134722614','66','Lanark County','Ontario','Markham','Germany');
INSERT INTO cliente (id_cliente,nombre,apellido_paterno,apellido_materno,usuario,pasword,telefono,email,numero_tarjetac,numero,calle,colonia,ciudad,pais) VALUES (100240,'Summer','Blake','Bryan','Quentin','7579','08 62 95 36 07','quis.urna@interdumlibero.edu','4498725128918882','54','Vienna','Wie','Vienna','Burkina Faso');
INSERT INTO cliente (id_cliente,nombre,apellido_paterno,apellido_materno,usuario,pasword,telefono,email,numero_tarjetac,numero,calle,colonia,ciudad,pais) VALUES (100241,'Chloe','Walter','Price','Macaulay','4174','02 25 77 37 10','suscipit.est@lobortisClassaptent.org','4667968546831983','05','Navsari','GJ','Bharuch','United States');
INSERT INTO cliente (id_cliente,nombre,apellido_paterno,apellido_materno,usuario,pasword,telefono,email,numero_tarjetac,numero,calle,colonia,ciudad,pais) VALUES (100242,'Shaine','Anthony','Potter','Gail','7819','09 35 40 41 76','a.scelerisque.sed@Cras.org','4925127934524789','22','Berlin','Berlin','Berlin','Uruguay');
INSERT INTO cliente (id_cliente,nombre,apellido_paterno,apellido_materno,usuario,pasword,telefono,email,numero_tarjetac,numero,calle,colonia,ciudad,pais) VALUES (100243,'Camille','Mays','Robbins','Gavin','1588','09 02 34 32 37','vitae@adipiscingligulaAenean.com','5259574664426031','08','Jauche','Waals-Brabant','Enines','Barbados');
INSERT INTO cliente (id_cliente,nombre,apellido_paterno,apellido_materno,usuario,pasword,telefono,email,numero_tarjetac,numero,calle,colonia,ciudad,pais) VALUES (100244,'Carlos','Green','Shepard','Theodore','2384','07 73 20 21 91','dapibus.gravida@laciniaat.org','344038978789009','60','Helensburgh','DN','Cumbernauld','Ireland');
INSERT INTO cliente (id_cliente,nombre,apellido_paterno,apellido_materno,usuario,pasword,telefono,email,numero_tarjetac,numero,calle,colonia,ciudad,pais) VALUES (100245,'Erin','Dudley','Humphrey','Kimberley','4035','09 42 27 11 83','Sed@eget.org','5192864822531117','77','Alajuela','Alajuela','San Joseph de Alajuela','Mayotte');
INSERT INTO cliente (id_cliente,nombre,apellido_paterno,apellido_materno,usuario,pasword,telefono,email,numero_tarjetac,numero,calle,colonia,ciudad,pais) VALUES (100246,'Jenna','Goodwin','Holt','Silas','2566','02 24 80 10 09','Ut.semper@congue.ca','5128387855109756','26','Portland','Maine','Portland','Viet Nam');
INSERT INTO cliente (id_cliente,nombre,apellido_paterno,apellido_materno,usuario,pasword,telefono,email,numero_tarjetac,numero,calle,colonia,ciudad,pais) VALUES (100247,'Kennan','Carlson','Gomez','Oleg','8878','04 47 36 29 78','in.hendrerit.consectetuer@Sed.ca','347564923089463','74','Mysore','KA','Bellary','Botswana');
INSERT INTO cliente (id_cliente,nombre,apellido_paterno,apellido_materno,usuario,pasword,telefono,email,numero_tarjetac,numero,calle,colonia,ciudad,pais) VALUES (100248,'Kato','Cooper','Jimenez','Libby','3842','02 13 26 28 47','Phasellus@Lorem.co.uk','4955494280159472','33','Anchorage','Alaska','Fairbanks','Ghana');
INSERT INTO cliente (id_cliente,nombre,apellido_paterno,apellido_materno,usuario,pasword,telefono,email,numero_tarjetac,numero,calle,colonia,ciudad,pais) VALUES (100249,'Olga','Rodriquez','Dennis','Uriel','6051','05 98 38 22 91','orci@fermentummetus.org','5135841444483954','43','Kano','Kano','Kano','Ireland');
INSERT INTO cliente (id_cliente,nombre,apellido_paterno,apellido_materno,usuario,pasword,telefono,email,numero_tarjetac,numero,calle,colonia,ciudad,pais) VALUES (100250,'Leslie','Dillard','Perry','Montana','6046','09 96 40 47 78','pharetra.sed@felis.com','5135959741929545','70','Juazeiro','BA','Viteriaria da Conquista','Zimbabwe');
INSERT INTO cliente (id_cliente,nombre,apellido_paterno,apellido_materno,usuario,pasword,telefono,email,numero_tarjetac,numero,calle,colonia,ciudad,pais) VALUES (100251,'Xantha','Gutierrez','Brady','Maggy','7691','04 51 11 21 44','venenatis@Nullamvelitdui.com','5359599566222161','63','Bunbury','Western Australia','Geraldton-Greenough','Belgium');
INSERT INTO cliente (id_cliente,nombre,apellido_paterno,apellido_materno,usuario,pasword,telefono,email,numero_tarjetac,numero,calle,colonia,ciudad,pais) VALUES (100252,'Rose','George','Hanson','Hanna','4432','07 00 01 84 78','sed.sapien.Nunc@fringillapurusmauris.ca','4561210116138686','50','Kapiti','North Island','Waiuku','Cocos (Keeling) Islands');
INSERT INTO cliente (id_cliente,nombre,apellido_paterno,apellido_materno,usuario,pasword,telefono,email,numero_tarjetac,numero,calle,colonia,ciudad,pais) VALUES (100253,'Kuame','Mann','Carr','Howard','4361','07 98 15 73 49','consequat@ut.edu','5195567778642288','26','Ademis','Izmir','Bergama','Saint Helena, Ascension and Tristan da Cunha');
INSERT INTO cliente (id_cliente,nombre,apellido_paterno,apellido_materno,usuario,pasword,telefono,email,numero_tarjetac,numero,calle,colonia,ciudad,pais) VALUES (100254,'Isaiah','Kaufman','Erickson','Nina','9377','06 57 64 66 94','vel.est@afacilisisnon.net','5116603076318271','93','Dublin','Leinster','Dublin','Senegal');
INSERT INTO cliente (id_cliente,nombre,apellido_paterno,apellido_materno,usuario,pasword,telefono,email,numero_tarjetac,numero,calle,colonia,ciudad,pais) VALUES (100255,'Cullen','Tran','Shepherd','Autumn','3612','02 67 07 90 58','ullamcorper@tempordiamdictum.ca','4797410496277738','62','Montegranaro','MAR','Caldarola','Cape Verde');
INSERT INTO cliente (id_cliente,nombre,apellido_paterno,apellido_materno,usuario,pasword,telefono,email,numero_tarjetac,numero,calle,colonia,ciudad,pais) VALUES (100256,'India','Andrews','Fowler','Martin','6086','06 81 70 50 86','scelerisque@duiSuspendisse.net','5181310060638938','75','Katsina','KT','Katsina','Holy See (Vatican City State)');
INSERT INTO cliente (id_cliente,nombre,apellido_paterno,apellido_materno,usuario,pasword,telefono,email,numero_tarjetac,numero,calle,colonia,ciudad,pais) VALUES (100257,'Quyn','Parrish','Chang','Anastasia','4836','09 26 34 04 61','elementum.dui@asollicitudinorci.com','5164352650982329','97','Omal','Luik','Ougr?e','Georgia');
INSERT INTO cliente (id_cliente,nombre,apellido_paterno,apellido_materno,usuario,pasword,telefono,email,numero_tarjetac,numero,calle,colonia,ciudad,pais) VALUES (100258,'Barrett','Mcdowell','Hendricks','Shad','5413','07 98 06 04 25','magna.Cras@dolorelitpellentesque.com','5439773759916426','52','Stirling','ST','Denny','Afghanistan');
INSERT INTO cliente (id_cliente,nombre,apellido_paterno,apellido_materno,usuario,pasword,telefono,email,numero_tarjetac,numero,calle,colonia,ciudad,pais) VALUES (100259,'Colton','Snyder','Sanford','Daphne','9814','06 48 91 06 71','mollis.lectus@semperrutrum.ca','5456446148403921','02','Mackay','QLD','Gold Coast','El Salvador');
INSERT INTO cliente (id_cliente,nombre,apellido_paterno,apellido_materno,usuario,pasword,telefono,email,numero_tarjetac,numero,calle,colonia,ciudad,pais) VALUES (100260,'Thor','Lee','Tate','Ronan','6873','04 28 64 21 55','auctor.odio@consectetuercursuset.ca','5115928780790411','59','Hamburg','Hamburg','Hamburg','Denmark');
INSERT INTO cliente (id_cliente,nombre,apellido_paterno,apellido_materno,usuario,pasword,telefono,email,numero_tarjetac,numero,calle,colonia,ciudad,pais) VALUES (100261,'Cullen','Gilbert','Wiley','Sacha','4972','03 03 41 84 05','sodales@nequevitae.co.uk','372362052823889','49','Middelburg','Zl','Sluis','Anguilla');
INSERT INTO cliente (id_cliente,nombre,apellido_paterno,apellido_materno,usuario,pasword,telefono,email,numero_tarjetac,numero,calle,colonia,ciudad,pais) VALUES (100262,'Martina','Russell','Gaines','Adam','1845','08 93 19 59 33','nec.euismod@ornare.edu','346317090376283','57','Bovigny','Luxemburg','Sainte-Marie-sur-Semois','Macedonia');
INSERT INTO cliente (id_cliente,nombre,apellido_paterno,apellido_materno,usuario,pasword,telefono,email,numero_tarjetac,numero,calle,colonia,ciudad,pais) VALUES (100263,'Victoria','Alford','Cook','Hedwig','4432','08 56 76 90 34','augue.porttitor@loremeumetus.ca','375819347371813','22','Matamata','NI','Kawerau','Congo, the Democratic Republic of the');
INSERT INTO cliente (id_cliente,nombre,apellido_paterno,apellido_materno,usuario,pasword,telefono,email,numero_tarjetac,numero,calle,colonia,ciudad,pais) VALUES (100264,'Macey','Lee','Keller','Ivory','1359','04 46 35 79 59','mattis@Morbi.edu','4363847981719308','79','Mildura','VIC','Horsham','Pitcairn Islands');
INSERT INTO cliente (id_cliente,nombre,apellido_paterno,apellido_materno,usuario,pasword,telefono,email,numero_tarjetac,numero,calle,colonia,ciudad,pais) VALUES (100265,'Melyssa','Clarke','Delgado','Zelenia','6604','07 21 75 10 29','eu@vel.co.uk','5123725724476380','75','Tallahassee','Florida','St. Petersburg','Heard Island and Mcdonald Islands');
INSERT INTO cliente (id_cliente,nombre,apellido_paterno,apellido_materno,usuario,pasword,telefono,email,numero_tarjetac,numero,calle,colonia,ciudad,pais) VALUES (100266,'Abra','Blevins','Powers','Alma','5582','06 47 53 93 55','mauris.sit.amet@nasceturridiculus.net','371596878589595','44','Galway','Connacht','Galway','Ghana');
INSERT INTO cliente (id_cliente,nombre,apellido_paterno,apellido_materno,usuario,pasword,telefono,email,numero_tarjetac,numero,calle,colonia,ciudad,pais) VALUES (100267,'Yeo','Logan','Hale','Simon','8066','04 85 04 69 40','a.enim.Suspendisse@ProindolorNulla.com','5327236016155227','21','Hamburg','HH','Hamburg','Monaco');
INSERT INTO cliente (id_cliente,nombre,apellido_paterno,apellido_materno,usuario,pasword,telefono,email,numero_tarjetac,numero,calle,colonia,ciudad,pais) VALUES (100268,'Odysseus','Reid','Schultz','Whoopi','9677','04 64 36 04 02','dui.Suspendisse@necmaurisblandit.edu','374267581564839','64','Hamburg','Hamburg','Hamburg','Faroe Islands');
INSERT INTO cliente (id_cliente,nombre,apellido_paterno,apellido_materno,usuario,pasword,telefono,email,numero_tarjetac,numero,calle,colonia,ciudad,pais) VALUES (100269,'Clementine','Golden','Blackwell','Cecilia','1530','05 92 69 36 89','a@lobortisultricesVivamus.edu','5140469230981543','63','Rigolet','NL','Marystown','Saint Kitts and Nevis');
INSERT INTO cliente (id_cliente,nombre,apellido_paterno,apellido_materno,usuario,pasword,telefono,email,numero_tarjetac,numero,calle,colonia,ciudad,pais) VALUES (100270,'Colton','Gilmore','Hernandez','Kimberley','6126','05 10 27 39 11','euismod.enim.Etiam@Donectempor.org','5236979286372661','04','Warwick','WA','Coventry','Zimbabwe');
INSERT INTO cliente (id_cliente,nombre,apellido_paterno,apellido_materno,usuario,pasword,telefono,email,numero_tarjetac,numero,calle,colonia,ciudad,pais) VALUES (100271,'Colby','Rutledge','Mann','Aaron','4723','08 91 26 85 91','nec.tempus@Aenean.com','4681325078522785','11','Ourense','GA','Lugo','Morocco');
INSERT INTO cliente (id_cliente,nombre,apellido_paterno,apellido_materno,usuario,pasword,telefono,email,numero_tarjetac,numero,calle,colonia,ciudad,pais) VALUES (100272,'Gary','Whitfield','Preston','Jerome','3267','09 18 81 51 07','Quisque@ante.ca','346912348303949','37','Malvern','WO','Dudley','United Arab Emirates');
INSERT INTO cliente (id_cliente,nombre,apellido_paterno,apellido_materno,usuario,pasword,telefono,email,numero_tarjetac,numero,calle,colonia,ciudad,pais) VALUES (100273,'Gavin','Obrien','Jensen','Serena','1921','07 84 73 38 56','Donec.nibh.Quisque@enimNunc.ca','5190713429469611','21','Melbourne','VIC','Hamilton','British Indian Ocean Territory');
INSERT INTO cliente (id_cliente,nombre,apellido_paterno,apellido_materno,usuario,pasword,telefono,email,numero_tarjetac,numero,calle,colonia,ciudad,pais) VALUES (100274,'Miranda','Hays','Gallegos','Harper','1684','08 65 36 92 22','pharetra.sed@lacusEtiambibendum.co.uk','5139120132694950','17','Nanterre','Cecilia-de-France','Saint-Maur-des-Fossess','New Caledonia');
INSERT INTO cliente (id_cliente,nombre,apellido_paterno,apellido_materno,usuario,pasword,telefono,email,numero_tarjetac,numero,calle,colonia,ciudad,pais) VALUES (100275,'Joy','Brock','Maynard','Damon','3838','09 66 31 04 79','justo.sit.amet@Donecegestas.ca','5123644197224637','69','Dublin','Leinster','Dublin','Jamaica');
INSERT INTO cliente (id_cliente,nombre,apellido_paterno,apellido_materno,usuario,pasword,telefono,email,numero_tarjetac,numero,calle,colonia,ciudad,pais) VALUES (100276,'Nolan','Hill','Harris','Paloma','7227','05 23 83 98 25','sed@eutellus.com','348232030632448','32','Bydgoszcz','KP','Torun','Nicaragua');
INSERT INTO cliente (id_cliente,nombre,apellido_paterno,apellido_materno,usuario,pasword,telefono,email,numero_tarjetac,numero,calle,colonia,ciudad,pais) VALUES (100277,'Briar','Hooper','Weiss','Madeson','8605','07 49 46 39 11','fringilla@idblanditat.com','5495745548834097','55','Sosnowiec','SL','Czestochowa','United States');
INSERT INTO cliente (id_cliente,nombre,apellido_paterno,apellido_materno,usuario,pasword,telefono,email,numero_tarjetac,numero,calle,colonia,ciudad,pais) VALUES (100278,'Jorden','Atkinson','Wise','Leigh','6827','03 32 73 45 63','Duis.at@Praesentluctus.org','5397309163366449','93','Caloundra','Queensland','Redlands','Uruguay');
INSERT INTO cliente (id_cliente,nombre,apellido_paterno,apellido_materno,usuario,pasword,telefono,email,numero_tarjetac,numero,calle,colonia,ciudad,pais) VALUES (100279,'Clementine','Snyder','Ratliff','Keely','5453','05 65 55 47 35','ultrices.Vivamus@apurusDuis.com','4559268610039721','95','Crawley','SS','Eastbourne','Serbia');
INSERT INTO cliente (id_cliente,nombre,apellido_paterno,apellido_materno,usuario,pasword,telefono,email,numero_tarjetac,numero,calle,colonia,ciudad,pais) VALUES (100280,'Yoshi','Barnes','Hansen','Brent','4656','08 84 48 17 85','pellentesque.Sed@amet.ca','378831723433454','31','Gore','South Island','Christchurch','India');
INSERT INTO cliente (id_cliente,nombre,apellido_paterno,apellido_materno,usuario,pasword,telefono,email,numero_tarjetac,numero,calle,colonia,ciudad,pais) VALUES (100281,'Neville','Yang','Patton','Rafael','2880','06 60 93 42 71','ac.feugiat.non@eu.co.uk','349263645418456','21','Pukekohe','North Island','Auckland','Guadeloupe');
INSERT INTO cliente (id_cliente,nombre,apellido_paterno,apellido_materno,usuario,pasword,telefono,email,numero_tarjetac,numero,calle,colonia,ciudad,pais) VALUES (100282,'Geraldine','James','Strong','Mufutau','1733','05 58 71 26 04','metus@elitEtiam.net','343738113513686','62','Benyan','Kay','Benyan','Montserrat');
INSERT INTO cliente (id_cliente,nombre,apellido_paterno,apellido_materno,usuario,pasword,telefono,email,numero_tarjetac,numero,calle,colonia,ciudad,pais) VALUES (100283,'Dexter','Bauer','Dalton','Rana','8518','08 85 13 49 18','mattis@odioEtiam.ca','342280989787073','44','Dunkerque','NO','Bethune','Syria');
INSERT INTO cliente (id_cliente,nombre,apellido_paterno,apellido_materno,usuario,pasword,telefono,email,numero_tarjetac,numero,calle,colonia,ciudad,pais) VALUES (100284,'Christian','Parrish','Herring','Macy','8839','05 51 32 96 81','Cras@Nulla.edu','376930395857430','41','Berlin','Berlin','Berlin','Albania');
INSERT INTO cliente (id_cliente,nombre,apellido_paterno,apellido_materno,usuario,pasword,telefono,email,numero_tarjetac,numero,calle,colonia,ciudad,pais) VALUES (100285,'Dylan','Clarke','Peterson','Cynthia','2090','01 89 52 15 50','ac.urna.Ut@magna.net','4802845411980523','48','Pietrasanta','Toscana','Pisa','Chile');
INSERT INTO cliente (id_cliente,nombre,apellido_paterno,apellido_materno,usuario,pasword,telefono,email,numero_tarjetac,numero,calle,colonia,ciudad,pais) VALUES (100286,'Avye','Rosales','Hurley','TaShya','9541','05 04 25 59 83','dui.nec@tortor.edu','5176743098511365','09','Pessac','AQ','Bayonne','Lesotho');
INSERT INTO cliente (id_cliente,nombre,apellido_paterno,apellido_materno,usuario,pasword,telefono,email,numero_tarjetac,numero,calle,colonia,ciudad,pais) VALUES (100287,'Kuame','Ruiz','Suarez','Herman','3510','09 39 88 09 82','tortor.nibh@quamdignissimpharetra.edu','5347993358932431','79','Salvador','BA','Camarariari','Antigua and Barbuda');
INSERT INTO cliente (id_cliente,nombre,apellido_paterno,apellido_materno,usuario,pasword,telefono,email,numero_tarjetac,numero,calle,colonia,ciudad,pais) VALUES (100288,'Galvin','Andrews','Patton','Cynthia','8220','05 17 27 76 47','sit.amet@adipiscingligula.net','5268782332623371','71','Lakeland County','Alberta','Spruce Grove','United States');
INSERT INTO cliente (id_cliente,nombre,apellido_paterno,apellido_materno,usuario,pasword,telefono,email,numero_tarjetac,numero,calle,colonia,ciudad,pais) VALUES (100289,'Hedwig','Yates','Vasquez','Amal','7238','02 95 64 44 00','sit.amet@leoMorbi.edu','344473393640010','94','Kirkwall','OK','Balfour','Aruba');
INSERT INTO cliente (id_cliente,nombre,apellido_paterno,apellido_materno,usuario,pasword,telefono,email,numero_tarjetac,numero,calle,colonia,ciudad,pais) VALUES (100290,'Lacota','Cummings','Tyler','Walker','2835','04 35 89 84 44','Donec.tempor@augue.net','5124593197475187','24','Notre-Dame-du-Nord','QC','Price','Cayman Islands');
INSERT INTO cliente (id_cliente,nombre,apellido_paterno,apellido_materno,usuario,pasword,telefono,email,numero_tarjetac,numero,calle,colonia,ciudad,pais) VALUES (100291,'Holmes','Simmons','Collier','Victor','7244','06 35 82 16 56','cursus.a.enim@dictumcursus.edu','371595928010533','28','Quesada','A','San Joseph de Alajuela','Serbia');
INSERT INTO cliente (id_cliente,nombre,apellido_paterno,apellido_materno,usuario,pasword,telefono,email,numero_tarjetac,numero,calle,colonia,ciudad,pais) VALUES (100292,'Ivory','Juarez','Wolf','Taylor','8396','06 25 03 27 46','lorem.auctor@libero.net','5196085030706594','48','Pila','Wielkopolskie','Konin','Philippines');
INSERT INTO cliente (id_cliente,nombre,apellido_paterno,apellido_materno,usuario,pasword,telefono,email,numero_tarjetac,numero,calle,colonia,ciudad,pais) VALUES (100293,'Lysandra','Townsend','Mullins','Jaquelyn','4240','02 53 31 82 46','Nam.nulla.magna@infaucibusorci.org','376265413554388','70','Otukpo','BE','Otukpo','Colombia');
INSERT INTO cliente (id_cliente,nombre,apellido_paterno,apellido_materno,usuario,pasword,telefono,email,numero_tarjetac,numero,calle,colonia,ciudad,pais) VALUES (100294,'Echo','Pena','Mcintyre','Baker','9645','07 50 02 62 93','scelerisque@euismod.co.uk','5194736435376108','16','Vienna','Wie','Vienna','Niue');
INSERT INTO cliente (id_cliente,nombre,apellido_paterno,apellido_materno,usuario,pasword,telefono,email,numero_tarjetac,numero,calle,colonia,ciudad,pais) VALUES (100295,'Mohammad','Boyle','Parker','Jessica','6764','05 07 37 22 74','Aliquam.rutrum.lorem@vitaevelitegestas.com','5170700407573021','54','Vietri di Potenza','Basilicata','Moliterno','Congo (Brazzaville)');
INSERT INTO cliente (id_cliente,nombre,apellido_paterno,apellido_materno,usuario,pasword,telefono,email,numero_tarjetac,numero,calle,colonia,ciudad,pais) VALUES (100296,'Dane','Haney','Hyde','Clare','4310','07 34 21 23 40','In.nec.orci@risus.com','346898274686183','07','North Bay','ON','Hamilton','Indonesia');
INSERT INTO cliente (id_cliente,nombre,apellido_paterno,apellido_materno,usuario,pasword,telefono,email,numero_tarjetac,numero,calle,colonia,ciudad,pais) VALUES (100297,'Phoebe','Calhoun','Berry','Gil','3671','04 41 77 32 80','luctus@semper.net','5316337537961088','48','Canas','Guanacaste','Canas','Timor-Leste');
INSERT INTO cliente (id_cliente,nombre,apellido_paterno,apellido_materno,usuario,pasword,telefono,email,numero_tarjetac,numero,calle,colonia,ciudad,pais) VALUES (100298,'Colleen','Johns','Hutchinson','Judith','9846','09 98 03 25 84','non@dolorsitamet.net','378033705365378','56','Vienna','Vienna','Vienna','Hungary');
INSERT INTO cliente (id_cliente,nombre,apellido_paterno,apellido_materno,usuario,pasword,telefono,email,numero_tarjetac,numero,calle,colonia,ciudad,pais) VALUES (100299,'Wallace','Fisher','Davenport','Kieran','8176','04 76 89 03 99','nec.tempus@facilisis.edu','5151037461226807','99','Rennes','BR','Lorient','Suriname');
INSERT INTO cliente (id_cliente,nombre,apellido_paterno,apellido_materno,usuario,pasword,telefono,email,numero_tarjetac,numero,calle,colonia,ciudad,pais) VALUES (1002100,'Kirk','West','Palmer','Wynne','5655','02 69 98 86 00','Duis@auctorodio.co.uk','5335281100845899','88','Galway','C','Galway','Bosnia and Herzegovina');
---datos pedidos


--Cliente pedido
INSERT INTO cliente_pedido (id_cliente,id_pedido,fecha) VALUES (100210,1000,current_date);
INSERT INTO cliente_pedido (id_cliente,id_pedido,fecha) VALUES (100211,1001,current_date);
INSERT INTO cliente_pedido (id_cliente,id_pedido,fecha) VALUES (100212,1002,current_date);
INSERT INTO cliente_pedido (id_cliente,id_pedido,fecha) VALUES (100213,1003,current_date);
INSERT INTO cliente_pedido (id_cliente,id_pedido,fecha) VALUES (100214,1004,current_date);
INSERT INTO cliente_pedido (id_cliente,id_pedido,fecha) VALUES (100215,1005,current_date);
INSERT INTO cliente_pedido (id_cliente,id_pedido,fecha) VALUES (100216,1006,current_date);
INSERT INTO cliente_pedido (id_cliente,id_pedido,fecha) VALUES (100217,1007,current_date);
INSERT INTO cliente_pedido (id_cliente,id_pedido,fecha) VALUES (100218,1008,current_date);
INSERT INTO cliente_pedido (id_cliente,id_pedido,fecha) VALUES (100219,1009,current_date);
INSERT INTO cliente_pedido (id_cliente,id_pedido,fecha) VALUES (100220,1010,current_date);
INSERT INTO cliente_pedido (id_cliente,id_pedido,fecha) VALUES (100221,1011,current_date);
INSERT INTO cliente_pedido (id_cliente,id_pedido,fecha) VALUES (100222,1012,current_date);
INSERT INTO cliente_pedido (id_cliente,id_pedido,fecha) VALUES (100223,1013,current_date);
INSERT INTO cliente_pedido (id_cliente,id_pedido,fecha) VALUES (100224,1014,current_date);
INSERT INTO cliente_pedido (id_cliente,id_pedido,fecha) VALUES (100225,1015,current_date);
INSERT INTO cliente_pedido (id_cliente,id_pedido,fecha) VALUES (100226,1016,current_date);
INSERT INTO cliente_pedido (id_cliente,id_pedido,fecha) VALUES (100227,1017,current_date);
INSERT INTO cliente_pedido (id_cliente,id_pedido,fecha) VALUES (100228,1018,current_date);
INSERT INTO cliente_pedido (id_cliente,id_pedido,fecha) VALUES (100229,1019,current_date);
INSERT INTO cliente_pedido (id_cliente,id_pedido,fecha) VALUES (100230,1020,current_date);
INSERT INTO cliente_pedido (id_cliente,id_pedido,fecha) VALUES (100231,1021,current_date);
INSERT INTO cliente_pedido (id_cliente,id_pedido,fecha) VALUES (100232,1022,current_date);
INSERT INTO cliente_pedido (id_cliente,id_pedido,fecha) VALUES (100233,1023,current_date);
INSERT INTO cliente_pedido (id_cliente,id_pedido,fecha) VALUES (100234,1024,current_date);
INSERT INTO cliente_pedido (id_cliente,id_pedido,fecha) VALUES (100235,1025,current_date);
INSERT INTO cliente_pedido (id_cliente,id_pedido,fecha) VALUES (100236,1026,current_date);
INSERT INTO cliente_pedido (id_cliente,id_pedido,fecha) VALUES (100237,1027,current_date);
INSERT INTO cliente_pedido (id_cliente,id_pedido,fecha) VALUES (100238,1028,current_date);
INSERT INTO cliente_pedido (id_cliente,id_pedido,fecha) VALUES (100239,1029,current_date);
INSERT INTO cliente_pedido (id_cliente,id_pedido,fecha) VALUES (100240,1030,current_date);
INSERT INTO cliente_pedido (id_cliente,id_pedido,fecha) VALUES (100241,1031,current_date);
INSERT INTO cliente_pedido (id_cliente,id_pedido,fecha) VALUES (100242,1032,current_date);
INSERT INTO cliente_pedido (id_cliente,id_pedido,fecha) VALUES (100243,1033,current_date);
INSERT INTO cliente_pedido (id_cliente,id_pedido,fecha) VALUES (100244,1034,current_date);
INSERT INTO cliente_pedido (id_cliente,id_pedido,fecha) VALUES (100245,1035,current_date);
INSERT INTO cliente_pedido (id_cliente,id_pedido,fecha) VALUES (100246,1036,current_date);
INSERT INTO cliente_pedido (id_cliente,id_pedido,fecha) VALUES (100247,1037,current_date);
INSERT INTO cliente_pedido (id_cliente,id_pedido,fecha) VALUES (100248,1038,current_date);
INSERT INTO cliente_pedido (id_cliente,id_pedido,fecha) VALUES (100249,1039,current_date);
INSERT INTO cliente_pedido (id_cliente,id_pedido,fecha) VALUES (100250,1040,current_date);
INSERT INTO cliente_pedido (id_cliente,id_pedido,fecha) VALUES (100251,1041,current_date);
INSERT INTO cliente_pedido (id_cliente,id_pedido,fecha) VALUES (100252,1042,current_date);
INSERT INTO cliente_pedido (id_cliente,id_pedido,fecha) VALUES (100253,1043,current_date);
INSERT INTO cliente_pedido (id_cliente,id_pedido,fecha) VALUES (100254,1044,current_date);
INSERT INTO cliente_pedido (id_cliente,id_pedido,fecha) VALUES (100255,1045,current_date);
INSERT INTO cliente_pedido (id_cliente,id_pedido,fecha) VALUES (100256,1046,current_date);
INSERT INTO cliente_pedido (id_cliente,id_pedido,fecha) VALUES (100257,1047,current_date);
INSERT INTO cliente_pedido (id_cliente,id_pedido,fecha) VALUES (100258,1048,current_date);
INSERT INTO cliente_pedido (id_cliente,id_pedido,fecha) VALUES (100259,1049,current_date);
INSERT INTO cliente_pedido (id_cliente,id_pedido,fecha) VALUES (100260,1050,current_date);
INSERT INTO cliente_pedido (id_cliente,id_pedido,fecha) VALUES (100261,1051,current_date);
INSERT INTO cliente_pedido (id_cliente,id_pedido,fecha) VALUES (100262,1052,current_date);
INSERT INTO cliente_pedido (id_cliente,id_pedido,fecha) VALUES (100263,1053,current_date);
INSERT INTO cliente_pedido (id_cliente,id_pedido,fecha) VALUES (100264,1054,current_date);
INSERT INTO cliente_pedido (id_cliente,id_pedido,fecha) VALUES (100265,1055,current_date);
INSERT INTO cliente_pedido (id_cliente,id_pedido,fecha) VALUES (100266,1056,current_date);
INSERT INTO cliente_pedido (id_cliente,id_pedido,fecha) VALUES (100267,1057,current_date);
INSERT INTO cliente_pedido (id_cliente,id_pedido,fecha) VALUES (100268,1058,current_date);
INSERT INTO cliente_pedido (id_cliente,id_pedido,fecha) VALUES (100269,1059,current_date);
INSERT INTO cliente_pedido (id_cliente,id_pedido,fecha) VALUES (100270,1060,current_date);
INSERT INTO cliente_pedido (id_cliente,id_pedido,fecha) VALUES (100271,1061,current_date);
INSERT INTO cliente_pedido (id_cliente,id_pedido,fecha) VALUES (100272,1062,current_date);
INSERT INTO cliente_pedido (id_cliente,id_pedido,fecha) VALUES (100273,1063,current_date);
INSERT INTO cliente_pedido (id_cliente,id_pedido,fecha) VALUES (100274,1064,current_date);
INSERT INTO cliente_pedido (id_cliente,id_pedido,fecha) VALUES (100275,1065,current_date);
INSERT INTO cliente_pedido (id_cliente,id_pedido,fecha) VALUES (100276,1066,current_date);
INSERT INTO cliente_pedido (id_cliente,id_pedido,fecha) VALUES (100277,1067,current_date);
INSERT INTO cliente_pedido (id_cliente,id_pedido,fecha) VALUES (100278,1068,current_date);
INSERT INTO cliente_pedido (id_cliente,id_pedido,fecha) VALUES (100279,1069,current_date);
INSERT INTO cliente_pedido (id_cliente,id_pedido,fecha) VALUES (100280,1070,current_date);
INSERT INTO cliente_pedido (id_cliente,id_pedido,fecha) VALUES (100281,1071,current_date);
INSERT INTO cliente_pedido (id_cliente,id_pedido,fecha) VALUES (100282,1072,current_date);
INSERT INTO cliente_pedido (id_cliente,id_pedido,fecha) VALUES (100283,1073,current_date);
INSERT INTO cliente_pedido (id_cliente,id_pedido,fecha) VALUES (100284,1074,current_date);
INSERT INTO cliente_pedido (id_cliente,id_pedido,fecha) VALUES (100285,1075,current_date);
INSERT INTO cliente_pedido (id_cliente,id_pedido,fecha) VALUES (100286,1076,current_date);
INSERT INTO cliente_pedido (id_cliente,id_pedido,fecha) VALUES (100287,1077,current_date);
INSERT INTO cliente_pedido (id_cliente,id_pedido,fecha) VALUES (100288,1078,current_date);
INSERT INTO cliente_pedido (id_cliente,id_pedido,fecha) VALUES (100289,1079,current_date);
INSERT INTO cliente_pedido (id_cliente,id_pedido,fecha) VALUES (100290,1080,current_date);
INSERT INTO cliente_pedido (id_cliente,id_pedido,fecha) VALUES (100291,1081,current_date);
INSERT INTO cliente_pedido (id_cliente,id_pedido,fecha) VALUES (100292,1082,current_date);
INSERT INTO cliente_pedido (id_cliente,id_pedido,fecha) VALUES (100293,1083,current_date);
INSERT INTO cliente_pedido (id_cliente,id_pedido,fecha) VALUES (100294,1084,current_date);
INSERT INTO cliente_pedido (id_cliente,id_pedido,fecha) VALUES (100295,1085,current_date);
INSERT INTO cliente_pedido (id_cliente,id_pedido,fecha) VALUES (100296,1086,current_date);
INSERT INTO cliente_pedido (id_cliente,id_pedido,fecha) VALUES (100297,1087,current_date);
INSERT INTO cliente_pedido (id_cliente,id_pedido,fecha) VALUES (100298,1088,current_date);
INSERT INTO cliente_pedido (id_cliente,id_pedido,fecha) VALUES (100299,1089,current_date);


--datos pedido_producto
INSERT INTO "pedido_producto" (id_producto,id_pedido,stock) VALUES (108,1004,5);
INSERT INTO "pedido_producto" (id_producto,id_pedido,stock) VALUES (121,1041,7);
INSERT INTO "pedido_producto" (id_producto,id_pedido,stock) VALUES (109,1044,3);
INSERT INTO "pedido_producto" (id_producto,id_pedido,stock) VALUES (129,1084,5);
INSERT INTO "pedido_producto" (id_producto,id_pedido,stock) VALUES (286,1000,3);
INSERT INTO "pedido_producto" (id_producto,id_pedido,stock) VALUES (201,1038,2);
INSERT INTO "pedido_producto" (id_producto,id_pedido,stock) VALUES (125,1005,9);
INSERT INTO "pedido_producto" (id_producto,id_pedido,stock) VALUES (237,1031,6);
INSERT INTO "pedido_producto" (id_producto,id_pedido,stock) VALUES (165,1045,10);
INSERT INTO "pedido_producto" (id_producto,id_pedido,stock) VALUES (240,1092,4);
INSERT INTO "pedido_producto" (id_producto,id_pedido,stock) VALUES (265,1041,10);
INSERT INTO "pedido_producto" (id_producto,id_pedido,stock) VALUES (100,1052,9);
INSERT INTO "pedido_producto" (id_producto,id_pedido,stock) VALUES (147,1080,2);
INSERT INTO "pedido_producto" (id_producto,id_pedido,stock) VALUES (112,1098,7);
INSERT INTO "pedido_producto" (id_producto,id_pedido,stock) VALUES (141,1021,4);
INSERT INTO "pedido_producto" (id_producto,id_pedido,stock) VALUES (230,1084,1);
INSERT INTO "pedido_producto" (id_producto,id_pedido,stock) VALUES (224,1019,5);
INSERT INTO "pedido_producto" (id_producto,id_pedido,stock) VALUES (275,1012,8);
INSERT INTO "pedido_producto" (id_producto,id_pedido,stock) VALUES (206,1006,3);
INSERT INTO "pedido_producto" (id_producto,id_pedido,stock) VALUES (135,1037,8);
INSERT INTO "pedido_producto" (id_producto,id_pedido,stock) VALUES (187,1080,8);
INSERT INTO "pedido_producto" (id_producto,id_pedido,stock) VALUES (115,1059,2);
INSERT INTO "pedido_producto" (id_producto,id_pedido,stock) VALUES (111,1082,9);
INSERT INTO "pedido_producto" (id_producto,id_pedido,stock) VALUES (147,1030,1);
INSERT INTO "pedido_producto" (id_producto,id_pedido,stock) VALUES (248,1041,4);
INSERT INTO "pedido_producto" (id_producto,id_pedido,stock) VALUES (186,1054,5);
INSERT INTO "pedido_producto" (id_producto,id_pedido,stock) VALUES (270,1030,5);
INSERT INTO "pedido_producto" (id_producto,id_pedido,stock) VALUES (295,1078,5);
INSERT INTO "pedido_producto" (id_producto,id_pedido,stock) VALUES (165,1051,7);
INSERT INTO "pedido_producto" (id_producto,id_pedido,stock) VALUES (190,1086,5);
INSERT INTO "pedido_producto" (id_producto,id_pedido,stock) VALUES (131,1050,4);
INSERT INTO "pedido_producto" (id_producto,id_pedido,stock) VALUES (187,1010,4);
INSERT INTO "pedido_producto" (id_producto,id_pedido,stock) VALUES (268,1020,9);
INSERT INTO "pedido_producto" (id_producto,id_pedido,stock) VALUES (149,1023,10);
INSERT INTO "pedido_producto" (id_producto,id_pedido,stock) VALUES (146,1093,4);
INSERT INTO "pedido_producto" (id_producto,id_pedido,stock) VALUES (117,1032,8);
INSERT INTO "pedido_producto" (id_producto,id_pedido,stock) VALUES (255,1089,8);
INSERT INTO "pedido_producto" (id_producto,id_pedido,stock) VALUES (279,1035,6);
INSERT INTO "pedido_producto" (id_producto,id_pedido,stock) VALUES (256,1035,9);
INSERT INTO "pedido_producto" (id_producto,id_pedido,stock) VALUES (189,1022,9);
INSERT INTO "pedido_producto" (id_producto,id_pedido,stock) VALUES (180,1030,1);
INSERT INTO "pedido_producto" (id_producto,id_pedido,stock) VALUES (228,1058,6);
INSERT INTO "pedido_producto" (id_producto,id_pedido,stock) VALUES (176,1002,9);
INSERT INTO "pedido_producto" (id_producto,id_pedido,stock) VALUES (273,1033,2);
INSERT INTO "pedido_producto" (id_producto,id_pedido,stock) VALUES (214,1012,9);
INSERT INTO "pedido_producto" (id_producto,id_pedido,stock) VALUES (125,1070,10);
INSERT INTO "pedido_producto" (id_producto,id_pedido,stock) VALUES (152,1009,9);
INSERT INTO "pedido_producto" (id_producto,id_pedido,stock) VALUES (142,1020,7);
INSERT INTO "pedido_producto" (id_producto,id_pedido,stock) VALUES (240,1066,3);
INSERT INTO "pedido_producto" (id_producto,id_pedido,stock) VALUES (249,1033,8);
INSERT INTO "pedido_producto" (id_producto,id_pedido,stock) VALUES (172,1081,3);
INSERT INTO "pedido_producto" (id_producto,id_pedido,stock) VALUES (204,1002,2);
INSERT INTO "pedido_producto" (id_producto,id_pedido,stock) VALUES (224,1084,3);
INSERT INTO "pedido_producto" (id_producto,id_pedido,stock) VALUES (163,1029,4);
INSERT INTO "pedido_producto" (id_producto,id_pedido,stock) VALUES (208,1084,10);
INSERT INTO "pedido_producto" (id_producto,id_pedido,stock) VALUES (190,1006,9);
INSERT INTO "pedido_producto" (id_producto,id_pedido,stock) VALUES (253,1065,8);
INSERT INTO "pedido_producto" (id_producto,id_pedido,stock) VALUES (168,1050,10);
INSERT INTO "pedido_producto" (id_producto,id_pedido,stock) VALUES (258,1053,1);
INSERT INTO "pedido_producto" (id_producto,id_pedido,stock) VALUES (282,1035,10);
INSERT INTO "pedido_producto" (id_producto,id_pedido,stock) VALUES (225,1079,5);
INSERT INTO "pedido_producto" (id_producto,id_pedido,stock) VALUES (217,1095,2);
INSERT INTO "pedido_producto" (id_producto,id_pedido,stock) VALUES (203,1038,1);
INSERT INTO "pedido_producto" (id_producto,id_pedido,stock) VALUES (125,1031,2);
INSERT INTO "pedido_producto" (id_producto,id_pedido,stock) VALUES (169,1017,6);
INSERT INTO "pedido_producto" (id_producto,id_pedido,stock) VALUES (131,1088,8);
INSERT INTO "pedido_producto" (id_producto,id_pedido,stock) VALUES (143,1079,3);
INSERT INTO "pedido_producto" (id_producto,id_pedido,stock) VALUES (202,1064,2);
INSERT INTO "pedido_producto" (id_producto,id_pedido,stock) VALUES (275,1027,7);
INSERT INTO "pedido_producto" (id_producto,id_pedido,stock) VALUES (199,1093,3);
INSERT INTO "pedido_producto" (id_producto,id_pedido,stock) VALUES (175,1079,3);
INSERT INTO "pedido_producto" (id_producto,id_pedido,stock) VALUES (188,1068,7);
INSERT INTO "pedido_producto" (id_producto,id_pedido,stock) VALUES (181,1046,10);
INSERT INTO "pedido_producto" (id_producto,id_pedido,stock) VALUES (128,1055,6);
INSERT INTO "pedido_producto" (id_producto,id_pedido,stock) VALUES (258,1019,1);
INSERT INTO "pedido_producto" (id_producto,id_pedido,stock) VALUES (209,1042,4);
INSERT INTO "pedido_producto" (id_producto,id_pedido,stock) VALUES (112,1026,7);
INSERT INTO "pedido_producto" (id_producto,id_pedido,stock) VALUES (206,1033,1);
INSERT INTO "pedido_producto" (id_producto,id_pedido,stock) VALUES (234,1005,7);
INSERT INTO "pedido_producto" (id_producto,id_pedido,stock) VALUES (137,1095,1);
INSERT INTO "pedido_producto" (id_producto,id_pedido,stock) VALUES (193,1030,5);
INSERT INTO "pedido_producto" (id_producto,id_pedido,stock) VALUES (145,1079,8);
INSERT INTO "pedido_producto" (id_producto,id_pedido,stock) VALUES (142,1019,6);
INSERT INTO "pedido_producto" (id_producto,id_pedido,stock) VALUES (224,1021,7);
INSERT INTO "pedido_producto" (id_producto,id_pedido,stock) VALUES (199,1029,8);
INSERT INTO "pedido_producto" (id_producto,id_pedido,stock) VALUES (206,1021,1);
INSERT INTO "pedido_producto" (id_producto,id_pedido,stock) VALUES (259,1030,4);
INSERT INTO "pedido_producto" (id_producto,id_pedido,stock) VALUES (221,1044,9);
INSERT INTO "pedido_producto" (id_producto,id_pedido,stock) VALUES (252,1096,6);
INSERT INTO "pedido_producto" (id_producto,id_pedido,stock) VALUES (122,1015,1);
INSERT INTO "pedido_producto" (id_producto,id_pedido,stock) VALUES (262,1081,7);
INSERT INTO "pedido_producto" (id_producto,id_pedido,stock) VALUES (264,1086,6);
INSERT INTO "pedido_producto" (id_producto,id_pedido,stock) VALUES (207,1071,2);
INSERT INTO "pedido_producto" (id_producto,id_pedido,stock) VALUES (149,1055,4);
INSERT INTO "pedido_producto" (id_producto,id_pedido,stock) VALUES (230,1089,9);
INSERT INTO "pedido_producto" (id_producto,id_pedido,stock) VALUES (282,1041,9);
INSERT INTO "pedido_producto" (id_producto,id_pedido,stock) VALUES (171,1016,1);
INSERT INTO "pedido_producto" (id_producto,id_pedido,stock) VALUES (287,1006,4);
INSERT INTO "pedido_producto" (id_producto,id_pedido,stock) VALUES (261,1055,7);
INSERT INTO "pedido_producto" (id_producto,id_pedido,stock) VALUES (263,1015,10);
-- <<<<<<< HEAD
-- 
-- --datos orden
-- INSERT INTO "orden" (id_cliente,id_producto,id_pedido) VALUES (100210,134,1021);
-- INSERT INTO "orden" (id_cliente,id_producto,id_pedido) VALUES (100211,204,1017);
-- INSERT INTO "orden" (id_cliente,id_producto,id_pedido) VALUES (100212,136,1006);
-- INSERT INTO "orden" (id_cliente,id_producto,id_pedido) VALUES (100213,138,1027);
-- INSERT INTO "orden" (id_cliente,id_producto,id_pedido) VALUES (100214,274,1087);
-- INSERT INTO "orden" (id_cliente,id_producto,id_pedido) VALUES (100215,196,1048);
-- INSERT INTO "orden" (id_cliente,id_producto,id_pedido) VALUES (100216,271,1051);
-- INSERT INTO "orden" (id_cliente,id_producto,id_pedido) VALUES (100217,125,1016);
-- INSERT INTO "orden" (id_cliente,id_producto,id_pedido) VALUES (100218,293,1065);
-- INSERT INTO "orden" (id_cliente,id_producto,id_pedido) VALUES (100219,205,1046);
-- INSERT INTO "orden" (id_cliente,id_producto,id_pedido) VALUES (100220,222,1031);
-- INSERT INTO "orden" (id_cliente,id_producto,id_pedido) VALUES (100221,114,1078);
-- INSERT INTO "orden" (id_cliente,id_producto,id_pedido) VALUES (100222,278,1065);
-- INSERT INTO "orden" (id_cliente,id_producto,id_pedido) VALUES (100223,243,1011);
-- INSERT INTO "orden" (id_cliente,id_producto,id_pedido) VALUES (100224,251,1095);
-- INSERT INTO "orden" (id_cliente,id_producto,id_pedido) VALUES (100225,203,1069);
-- INSERT INTO "orden" (id_cliente,id_producto,id_pedido) VALUES (100226,224,1003);
-- INSERT INTO "orden" (id_cliente,id_producto,id_pedido) VALUES (100227,159,1007);
-- INSERT INTO "orden" (id_cliente,id_producto,id_pedido) VALUES (100228,146,1032);
-- INSERT INTO "orden" (id_cliente,id_producto,id_pedido) VALUES (100229,229,1057);
-- INSERT INTO "orden" (id_cliente,id_producto,id_pedido) VALUES (100230,241,1041);
-- INSERT INTO "orden" (id_cliente,id_producto,id_pedido) VALUES (100231,190,1010);
-- INSERT INTO "orden" (id_cliente,id_producto,id_pedido) VALUES (100232,126,1097);
-- INSERT INTO "orden" (id_cliente,id_producto,id_pedido) VALUES (100233,249,1044);
-- INSERT INTO "orden" (id_cliente,id_producto,id_pedido) VALUES (100234,216,1070);
-- INSERT INTO "orden" (id_cliente,id_producto,id_pedido) VALUES (100235,236,1013);
-- INSERT INTO "orden" (id_cliente,id_producto,id_pedido) VALUES (100236,148,1057);
-- INSERT INTO "orden" (id_cliente,id_producto,id_pedido) VALUES (100237,295,1044);
-- INSERT INTO "orden" (id_cliente,id_producto,id_pedido) VALUES (100238,145,1002);
-- INSERT INTO "orden" (id_cliente,id_producto,id_pedido) VALUES (100239,180,1001);
-- INSERT INTO "orden" (id_cliente,id_producto,id_pedido) VALUES (100240,161,1017);
-- INSERT INTO "orden" (id_cliente,id_producto,id_pedido) VALUES (100241,131,1036);
-- INSERT INTO "orden" (id_cliente,id_producto,id_pedido) VALUES (100242,269,1064);
-- INSERT INTO "orden" (id_cliente,id_producto,id_pedido) VALUES (100243,207,1012);
-- INSERT INTO "orden" (id_cliente,id_producto,id_pedido) VALUES (100244,232,1009);
-- INSERT INTO "orden" (id_cliente,id_producto,id_pedido) VALUES (100245,293,1086);
-- INSERT INTO "orden" (id_cliente,id_producto,id_pedido) VALUES (100246,173,1058);
-- INSERT INTO "orden" (id_cliente,id_producto,id_pedido) VALUES (100247,269,1012);
-- INSERT INTO "orden" (id_cliente,id_producto,id_pedido) VALUES (100248,234,1004);
-- INSERT INTO "orden" (id_cliente,id_producto,id_pedido) VALUES (100249,198,1028);
-- INSERT INTO "orden" (id_cliente,id_producto,id_pedido) VALUES (100250,158,1013);
-- INSERT INTO "orden" (id_cliente,id_producto,id_pedido) VALUES (100251,278,1059);
-- INSERT INTO "orden" (id_cliente,id_producto,id_pedido) VALUES (100252,224,1036);
-- INSERT INTO "orden" (id_cliente,id_producto,id_pedido) VALUES (100253,275,1017);
-- INSERT INTO "orden" (id_cliente,id_producto,id_pedido) VALUES (100254,115,1088);
-- INSERT INTO "orden" (id_cliente,id_producto,id_pedido) VALUES (100255,250,1091);
-- INSERT INTO "orden" (id_cliente,id_producto,id_pedido) VALUES (100256,148,1098);
-- INSERT INTO "orden" (id_cliente,id_producto,id_pedido) VALUES (100257,278,1073);
-- INSERT INTO "orden" (id_cliente,id_producto,id_pedido) VALUES (100258,104,1047);
-- INSERT INTO "orden" (id_cliente,id_producto,id_pedido) VALUES (100259,244,1070);
-- INSERT INTO "orden" (id_cliente,id_producto,id_pedido) VALUES (100260,106,1062);
-- INSERT INTO "orden" (id_cliente,id_producto,id_pedido) VALUES (100261,287,1090);
-- INSERT INTO "orden" (id_cliente,id_producto,id_pedido) VALUES (100262,192,1096);
-- INSERT INTO "orden" (id_cliente,id_producto,id_pedido) VALUES (100263,155,1067);
-- INSERT INTO "orden" (id_cliente,id_producto,id_pedido) VALUES (100264,206,1077);
-- INSERT INTO "orden" (id_cliente,id_producto,id_pedido) VALUES (100265,201,1059);
-- INSERT INTO "orden" (id_cliente,id_producto,id_pedido) VALUES (100266,173,1028);
-- INSERT INTO "orden" (id_cliente,id_producto,id_pedido) VALUES (100267,199,1028);
-- INSERT INTO "orden" (id_cliente,id_producto,id_pedido) VALUES (100268,193,1069);
-- INSERT INTO "orden" (id_cliente,id_producto,id_pedido) VALUES (100269,109,1069);
-- INSERT INTO "orden" (id_cliente,id_producto,id_pedido) VALUES (100270,146,1053);
-- INSERT INTO "orden" (id_cliente,id_producto,id_pedido) VALUES (100271,242,1097);
-- INSERT INTO "orden" (id_cliente,id_producto,id_pedido) VALUES (100272,210,1056);
-- INSERT INTO "orden" (id_cliente,id_producto,id_pedido) VALUES (100273,237,1072);
-- INSERT INTO "orden" (id_cliente,id_producto,id_pedido) VALUES (100274,151,1023);
-- INSERT INTO "orden" (id_cliente,id_producto,id_pedido) VALUES (100275,110,1080);
-- INSERT INTO "orden" (id_cliente,id_producto,id_pedido) VALUES (100276,243,1042);
-- INSERT INTO "orden" (id_cliente,id_producto,id_pedido) VALUES (100277,232,1076);
-- INSERT INTO "orden" (id_cliente,id_producto,id_pedido) VALUES (100278,224,1022);
-- INSERT INTO "orden" (id_cliente,id_producto,id_pedido) VALUES (100279,271,1001);
-- INSERT INTO "orden" (id_cliente,id_producto,id_pedido) VALUES (100280,241,1034);
-- INSERT INTO "orden" (id_cliente,id_producto,id_pedido) VALUES (100281,114,1098);
-- INSERT INTO "orden" (id_cliente,id_producto,id_pedido) VALUES (100282,151,1069);
-- INSERT INTO "orden" (id_cliente,id_producto,id_pedido) VALUES (100283,247,1086);
-- INSERT INTO "orden" (id_cliente,id_producto,id_pedido) VALUES (100284,219,1051);
-- INSERT INTO "orden" (id_cliente,id_producto,id_pedido) VALUES (100285,215,1071);
-- INSERT INTO "orden" (id_cliente,id_producto,id_pedido) VALUES (100286,255,1009);
-- INSERT INTO "orden" (id_cliente,id_producto,id_pedido) VALUES (100287,279,1083);
-- INSERT INTO "orden" (id_cliente,id_producto,id_pedido) VALUES (100288,243,1025);
-- INSERT INTO "orden" (id_cliente,id_producto,id_pedido) VALUES (100289,182,1030);
-- INSERT INTO "orden" (id_cliente,id_producto,id_pedido) VALUES (100290,179,1053);
-- INSERT INTO "orden" (id_cliente,id_producto,id_pedido) VALUES (100291,274,1067);
-- INSERT INTO "orden" (id_cliente,id_producto,id_pedido) VALUES (100292,186,1035);
-- INSERT INTO "orden" (id_cliente,id_producto,id_pedido) VALUES (100293,272,1067);
-- INSERT INTO "orden" (id_cliente,id_producto,id_pedido) VALUES (100294,238,1005);
-- INSERT INTO "orden" (id_cliente,id_producto,id_pedido) VALUES (100295,280,1046);
-- INSERT INTO "orden" (id_cliente,id_producto,id_pedido) VALUES (100296,279,1024);
-- INSERT INTO "orden" (id_cliente,id_producto,id_pedido) VALUES (100297,224,1011);
-- INSERT INTO "orden" (id_cliente,id_producto,id_pedido) VALUES (100298,247,1092);
-- INSERT INTO "orden" (id_cliente,id_producto,id_pedido) VALUES (100299,162,1058);




---datos proveedor
INSERT INTO "proveedor" (id_proveedor,nombre,direccion,email) VALUES (1000,'Interdum Limited','7927 Laoreet Ave','augue.eu@gravidaPraesenteu.edu');
INSERT INTO "proveedor" (id_proveedor,nombre,direccion,email) VALUES (1010,'Odio Semper Cursus Company','Ap #875-1382 Tempus Avenue','sed.dictum@Proinvelnisl.org');
INSERT INTO "proveedor" (id_proveedor,nombre,direccion,email) VALUES (1020,'Dolor Nonummy Corp.','Ap #797-2629 Risus. Road','sodales.purus@dolorquamelementum.com');
INSERT INTO "proveedor" (id_proveedor,nombre,direccion,email) VALUES (1030,'Eget Ipsum Suspendisse Inc.','511-1501 Montes, St.','Suspendisse@diamdictumsapien.com');
INSERT INTO "proveedor" (id_proveedor,nombre,direccion,email) VALUES (1040,'Aliquet Proin Foundation','947-1426 Turpis. Ave','ac.metus.vitae@vel.org');
INSERT INTO "proveedor" (id_proveedor,nombre,direccion,email) VALUES (1050,'Egestas Sed Company','Ap #518-7027 Scelerisque St.','nunc.id@quisurnaNunc.ca');
INSERT INTO "proveedor" (id_proveedor,nombre,direccion,email) VALUES (1060,'Metus Ltd','861-9943 Velit. St.','lacus.Nulla@Proinnonmassa.co.uk');
INSERT INTO "proveedor" (id_proveedor,nombre,direccion,email) VALUES (1070,'Ut Semper Pretium Corporation','598-5150 Aliquam Rd.','aliquet.vel@acrisus.edu');
INSERT INTO "proveedor" (id_proveedor,nombre,direccion,email) VALUES (1080,'Felis Purus Corporation','Ap #751-4924 Nullam Road','vel@estNunc.com');
INSERT INTO "proveedor" (id_proveedor,nombre,direccion,email) VALUES (1090,'Facilisis Suspendisse Consulting','Ap #908-883 Dis St.','nisl.elementum.purus@dolortempus.co.uk');
INSERT INTO "proveedor" (id_proveedor,nombre,direccion,email) VALUES (1100,'Pede Ultrices Institute','Ap #115-3121 Est. Road','erat.eget@nec.co.uk');
INSERT INTO "proveedor" (id_proveedor,nombre,direccion,email) VALUES (1110,'Orci Institute','Ap #292-326 Cursus Av.','ipsum.sodales@nislQuisque.edu');
INSERT INTO "proveedor" (id_proveedor,nombre,direccion,email) VALUES (1120,'Proin Eget Odio LLP','P.O. Box 179, 4028 Sem St.','vel.nisl.Quisque@vehiculaPellentesquetincidunt.ca');
INSERT INTO "proveedor" (id_proveedor,nombre,direccion,email) VALUES (1130,'Libero Inc.','Ap #658-8956 Facilisis, St.','euismod.ac@Nam.net');
INSERT INTO "proveedor" (id_proveedor,nombre,direccion,email) VALUES (1140,'Metus Eu Erat Corp.','948-7614 Ut Ave','ante.Nunc@enimmi.ca');
INSERT INTO "proveedor" (id_proveedor,nombre,direccion,email) VALUES (1150,'Sit Amet Limited','P.O. Box 785, 862 In Rd.','et.magnis@ullamcorpermagna.ca');
INSERT INTO "proveedor" (id_proveedor,nombre,direccion,email) VALUES (1160,'Odio Etiam Ligula Company','Ap #536-4225 Nibh. Road','risus.Donec.nibh@Proin.edu');
INSERT INTO "proveedor" (id_proveedor,nombre,direccion,email) VALUES (1170,'Euismod Institute','P.O. Box 996, 8100 Blandit Road','mauris.ipsum@utpharetrased.ca');
INSERT INTO "proveedor" (id_proveedor,nombre,direccion,email) VALUES (1180,'Leo Vivamus LLP','P.O. Box 524, 2217 Nascetur Street','magnis.dis.parturient@nonvestibulumnec.ca');
INSERT INTO "proveedor" (id_proveedor,nombre,direccion,email) VALUES (1190,'Duis Corporation','Ap #240-6477 Nunc St.','neque.pellentesque.massa@dolornonummyac.org');
INSERT INTO "proveedor" (id_proveedor,nombre,direccion,email) VALUES (1200,'Tristique Pellentesque Tellus Consulting','355-2472 Donec Road','malesuada.vel@etrisus.org');
INSERT INTO "proveedor" (id_proveedor,nombre,direccion,email) VALUES (1210,'Lectus Ante Dictum LLP','6438 Vulputate Street','tempus.non.lacinia@vitaesemper.com');
INSERT INTO "proveedor" (id_proveedor,nombre,direccion,email) VALUES (1220,'Arcu Et Pede LLP','8439 Ornare, Street','Mauris@vitae.co.uk');
INSERT INTO "proveedor" (id_proveedor,nombre,direccion,email) VALUES (1230,'Nam Tempor Limited','1792 Egestas, St.','tristique.neque.venenatis@sociisnatoque.org');
INSERT INTO "proveedor" (id_proveedor,nombre,direccion,email) VALUES (1240,'Adipiscing Enim Institute','331-656 Cum Road','a.facilisis@sagittissemper.com');
INSERT INTO "proveedor" (id_proveedor,nombre,direccion,email) VALUES (1250,'Senectus Et Netus Ltd','Ap #443-1975 Ac St.','Quisque.fringilla.euismod@consequatnec.co.uk');
INSERT INTO "proveedor" (id_proveedor,nombre,direccion,email) VALUES (1260,'Phasellus Nulla Integer Company','2723 Pretium Road','ac.orci@pretiumneque.ca');
INSERT INTO "proveedor" (id_proveedor,nombre,direccion,email) VALUES (1270,'Mauris Industries','5974 Nunc Avenue','Quisque.imperdiet.erat@risusIn.ca');
INSERT INTO "proveedor" (id_proveedor,nombre,direccion,email) VALUES (1280,'Donec Feugiat Limited','P.O. Box 388, 2173 Dolor. St.','sociis@eu.ca');
INSERT INTO "proveedor" (id_proveedor,nombre,direccion,email) VALUES (1290,'Nam Company','Ap #151-192 Non, St.','eget.laoreet@risusatfringilla.org');
INSERT INTO "proveedor" (id_proveedor,nombre,direccion,email) VALUES (1300,'Nulla Cras Corp.','2030 Etiam Rd.','Etiam.ligula@amet.net');
INSERT INTO "proveedor" (id_proveedor,nombre,direccion,email) VALUES (1310,'Non Institute','7433 Tincidunt St.','tristique.ac.eleifend@Integertinciduntaliquam.co.uk');
INSERT INTO "proveedor" (id_proveedor,nombre,direccion,email) VALUES (1320,'Mauris Sagittis Placerat Incorporated','9562 Amet Avenue','semper@luctus.net');
INSERT INTO "proveedor" (id_proveedor,nombre,direccion,email) VALUES (1330,'Lacinia Orci Consectetuer LLC','991-1079 Nulla. St.','auctor@etmagnis.org');
INSERT INTO "proveedor" (id_proveedor,nombre,direccion,email) VALUES (1340,'Amet Luctus Company','P.O. Box 561, 7619 Ullamcorper Road','sit.amet.consectetuer@fringilla.edu');
INSERT INTO "proveedor" (id_proveedor,nombre,direccion,email) VALUES (1350,'Auctor Industries','8149 Amet Rd.','arcu.Vivamus.sit@viverraDonectempus.edu');
INSERT INTO "proveedor" (id_proveedor,nombre,direccion,email) VALUES (1360,'Penatibus PC','Ap #905-7259 Tempor Rd.','nonummy@enimMaurisquis.edu');
INSERT INTO "proveedor" (id_proveedor,nombre,direccion,email) VALUES (1370,'Elit Erat Foundation','P.O. Box 465, 4064 Risus St.','justo.eu@magnis.ca');
INSERT INTO "proveedor" (id_proveedor,nombre,direccion,email) VALUES (1380,'Malesuada LLP','P.O. Box 365, 2856 Neque Avenue','rutrum.justo@ac.com');
INSERT INTO "proveedor" (id_proveedor,nombre,direccion,email) VALUES (1390,'Turpis Aliquam Adipiscing Institute','Ap #267-3763 Sodales. Rd.','consectetuer@Nullaeu.edu');
INSERT INTO "proveedor" (id_proveedor,nombre,direccion,email) VALUES (1400,'Arcu Ltd','Ap #504-7354 Ut Ave','dui@laoreetliberoet.org');
INSERT INTO "proveedor" (id_proveedor,nombre,direccion,email) VALUES (1410,'Risus PC','432-8064 Mauris St.','arcu.Vestibulum.ut@velit.co.uk');
INSERT INTO "proveedor" (id_proveedor,nombre,direccion,email) VALUES (1420,'Pede Company','4978 Mauris Road','at.velit.Pellentesque@Quisqueporttitor.ca');
INSERT INTO "proveedor" (id_proveedor,nombre,direccion,email) VALUES (1430,'In Tincidunt LLC','P.O. Box 864, 457 Etiam Rd.','ac.metus.vitae@vulputate.ca');
INSERT INTO "proveedor" (id_proveedor,nombre,direccion,email) VALUES (1440,'Nunc Ut Company','124-5938 Vivamus Rd.','Pellentesque.ultricies@necanteMaecenas.org');
INSERT INTO "proveedor" (id_proveedor,nombre,direccion,email) VALUES (1450,'Duis Elementum Dui LLP','501-4664 Scelerisque Av.','at.pede.Cras@justo.org');
INSERT INTO "proveedor" (id_proveedor,nombre,direccion,email) VALUES (1460,'Interdum Feugiat Company','P.O. Box 857, 6802 Lorem, Ave','urna@necdiamDuis.ca');
INSERT INTO "proveedor" (id_proveedor,nombre,direccion,email) VALUES (1470,'A Auctor Associates','P.O. Box 427, 9194 Enim. St.','at.auctor@auctorvelit.com');
INSERT INTO "proveedor" (id_proveedor,nombre,direccion,email) VALUES (1480,'Tincidunt Neque Vitae Corp.','Ap #416-1682 Ac Road','enim.Etiam.imperdiet@lobortisaugue.ca');
INSERT INTO "proveedor" (id_proveedor,nombre,direccion,email) VALUES (1490,'Purus Accumsan Interdum Incorporated','P.O. Box 475, 3197 Suspendisse St.','Aenean@massanonante.ca');
INSERT INTO "proveedor" (id_proveedor,nombre,direccion,email) VALUES (1500,'Diam Luctus Ltd','Ap #425-8304 Quisque St.','in@Phasellusvitae.co.uk');
INSERT INTO "proveedor" (id_proveedor,nombre,direccion,email) VALUES (1510,'Rutrum Lorem Ac Corporation','8139 Vitae Street','torquent.per.conubia@odio.ca');
INSERT INTO "proveedor" (id_proveedor,nombre,direccion,email) VALUES (1520,'At Velit Inc.','828-7093 Mauris Av.','a.odio@magnaPhasellusdolor.org');
INSERT INTO "proveedor" (id_proveedor,nombre,direccion,email) VALUES (1530,'Erat Volutpat Nulla Consulting','P.O. Box 443, 1255 Ac St.','egestas@aduiCras.org');
INSERT INTO "proveedor" (id_proveedor,nombre,direccion,email) VALUES (1540,'Elementum Incorporated','P.O. Box 720, 6351 Id Street','a.purus@orci.edu');
INSERT INTO "proveedor" (id_proveedor,nombre,direccion,email) VALUES (1550,'Ac Company','7134 Vel Ave','lobortis.quis@nislQuisque.ca');
INSERT INTO "proveedor" (id_proveedor,nombre,direccion,email) VALUES (1560,'Nec Ligula Associates','Ap #795-7687 Vitae Street','lorem@vitaesemper.com');
INSERT INTO "proveedor" (id_proveedor,nombre,direccion,email) VALUES (1570,'Quisque Purus Industries','4622 Amet Ave','pede@Loremipsum.org');
INSERT INTO "proveedor" (id_proveedor,nombre,direccion,email) VALUES (1580,'Euismod Urna Ltd','2415 A, Ave','lorem.vitae@tempusscelerisquelorem.com');
INSERT INTO "proveedor" (id_proveedor,nombre,direccion,email) VALUES (1590,'Enim Mauris Company','Ap #191-6029 Aliquam St.','rutrum@lacusvariuset.net');
INSERT INTO "proveedor" (id_proveedor,nombre,direccion,email) VALUES (1600,'Ut Tincidunt LLP','P.O. Box 209, 7343 Ligula. Avenue','feugiat@a.net');
INSERT INTO "proveedor" (id_proveedor,nombre,direccion,email) VALUES (1610,'Tincidunt Tempus Risus Institute','321-8392 Tellus. Avenue','eget.nisi@libero.ca');
INSERT INTO "proveedor" (id_proveedor,nombre,direccion,email) VALUES (1620,'Dolor Limited','Ap #322-8771 Suspendisse St.','a.mi.fringilla@ultricesposuere.org');
INSERT INTO "proveedor" (id_proveedor,nombre,direccion,email) VALUES (1630,'Lorem Luctus Ut Associates','Ap #447-971 Gravida Avenue','Sed.nulla@arcu.edu');
INSERT INTO "proveedor" (id_proveedor,nombre,direccion,email) VALUES (1640,'Quis Institute','257-2614 Ante. Av.','quam.a@etlibero.ca');
INSERT INTO "proveedor" (id_proveedor,nombre,direccion,email) VALUES (1650,'Pede Nunc Corp.','Ap #907-6358 Posuere Rd.','ut.quam.vel@Nullamfeugiatplacerat.org');
INSERT INTO "proveedor" (id_proveedor,nombre,direccion,email) VALUES (1660,'Tincidunt LLC','449-8563 Ullamcorper Rd.','nibh.Phasellus.nulla@sapienimperdiet.edu');
INSERT INTO "proveedor" (id_proveedor,nombre,direccion,email) VALUES (1670,'Varius Et Euismod LLC','Ap #437-8984 Eros St.','Donec.feugiat@duiCraspellentesque.co.uk');
INSERT INTO "proveedor" (id_proveedor,nombre,direccion,email) VALUES (1680,'Est Vitae Sodales Corp.','Ap #376-268 Aliquet Av.','ultrices.mauris@seddolorFusce.net');
INSERT INTO "proveedor" (id_proveedor,nombre,direccion,email) VALUES (1690,'Dui Corp.','Ap #127-7880 Lorem Street','Nam.nulla.magna@vestibulumnec.co.uk');
INSERT INTO "proveedor" (id_proveedor,nombre,direccion,email) VALUES (1700,'Luctus Curabitur Egestas Corporation','393-198 Aliquet Road','vel.turpis.Aliquam@sociis.org');
INSERT INTO "proveedor" (id_proveedor,nombre,direccion,email) VALUES (1710,'Hendrerit A Arcu Limited','P.O. Box 618, 2439 Pharetra St.','mus.Donec@velitAliquamnisl.com');
INSERT INTO "proveedor" (id_proveedor,nombre,direccion,email) VALUES (1720,'Donec Industries','8602 Adipiscing St.','quis.accumsan@magnisdisparturient.net');
INSERT INTO "proveedor" (id_proveedor,nombre,direccion,email) VALUES (1730,'Sed Sem Incorporated','Ap #772-837 Proin Street','Duis@erat.net');
INSERT INTO "proveedor" (id_proveedor,nombre,direccion,email) VALUES (1740,'Arcu Vestibulum Corp.','2392 Erat Ave','pede.et@ipsum.edu');
INSERT INTO "proveedor" (id_proveedor,nombre,direccion,email) VALUES (1750,'Lobortis Risus Corp.','Ap #458-245 Dictum Ave','sodales.nisi.magna@purus.ca');
INSERT INTO "proveedor" (id_proveedor,nombre,direccion,email) VALUES (1760,'Pede Sagittis Augue Institute','Ap #329-3560 Leo Rd.','neque.et.nunc@facilisis.com');
INSERT INTO "proveedor" (id_proveedor,nombre,direccion,email) VALUES (1770,'Placerat Augue Corp.','Ap #747-545 Ornare, Road','et@luctusipsumleo.com');
INSERT INTO "proveedor" (id_proveedor,nombre,direccion,email) VALUES (1780,'Nulla Aliquet Proin Institute','4027 In Avenue','arcu@dignissim.com');
INSERT INTO "proveedor" (id_proveedor,nombre,direccion,email) VALUES (1790,'Felis Orci Associates','P.O. Box 273, 3549 Velit. Avenue','faucibus.lectus@Pellentesquehabitant.com');
INSERT INTO "proveedor" (id_proveedor,nombre,direccion,email) VALUES (1800,'Ligula Aliquam Foundation','Ap #866-8350 Sem, St.','ullamcorper.velit.in@habitant.ca');
INSERT INTO "proveedor" (id_proveedor,nombre,direccion,email) VALUES (1810,'Nullam PC','5856 Mauris St.','Praesent.interdum@pellentesquemassalobortis.co.uk');
INSERT INTO "proveedor" (id_proveedor,nombre,direccion,email) VALUES (1820,'Sapien Inc.','378-9488 Mollis. Rd.','arcu.ac@elitpellentesquea.edu');
INSERT INTO "proveedor" (id_proveedor,nombre,direccion,email) VALUES (1830,'Dictum Eleifend Nunc Associates','243-9848 Ullamcorper, Road','conubia.nostra@dictum.com');
INSERT INTO "proveedor" (id_proveedor,nombre,direccion,email) VALUES (1840,'Tempus Company','P.O. Box 558, 8300 Aliquet St.','rutrum.Fusce.dolor@facilisisfacilisismagna.org');
INSERT INTO "proveedor" (id_proveedor,nombre,direccion,email) VALUES (1850,'Lacus Mauris Ltd','P.O. Box 879, 1146 Et Av.','tempus.lorem@magna.edu');
INSERT INTO "proveedor" (id_proveedor,nombre,direccion,email) VALUES (1860,'Varius Nam Corp.','P.O. Box 410, 9477 Tellus, St.','arcu.Sed.eu@faucibusorci.org');
INSERT INTO "proveedor" (id_proveedor,nombre,direccion,email) VALUES (1870,'At Incorporated','634 Elementum, Av.','placerat@Praesentinterdumligula.net');
INSERT INTO "proveedor" (id_proveedor,nombre,direccion,email) VALUES (1880,'Urna Justo Faucibus Industries','9692 Neque St.','aliquet@litora.edu');
INSERT INTO "proveedor" (id_proveedor,nombre,direccion,email) VALUES (1890,'Magna Incorporated','P.O. Box 710, 1306 Amet, Rd.','leo.elementum@variuseteuismod.net');
INSERT INTO "proveedor" (id_proveedor,nombre,direccion,email) VALUES (1900,'Magna Phasellus Dolor Foundation','4967 Nullam Avenue','non.arcu.Vivamus@milacinia.com');
INSERT INTO "proveedor" (id_proveedor,nombre,direccion,email) VALUES (1910,'Cum LLP','Ap #782-5311 Dolor Street','malesuada.fringilla@Nullamut.co.uk');
INSERT INTO "proveedor" (id_proveedor,nombre,direccion,email) VALUES (1920,'Orci Ut Sagittis LLC','Ap #408-9993 Pharetra Rd.','et.ultrices@tortorIntegeraliquam.edu');
INSERT INTO "proveedor" (id_proveedor,nombre,direccion,email) VALUES (1930,'Molestie Incorporated','8519 Maecenas Street','in.faucibus@ac.com');
INSERT INTO "proveedor" (id_proveedor,nombre,direccion,email) VALUES (1940,'Dapibus Gravida Aliquam Associates','5192 Odio. Road','euismod.est.arcu@vitaesodalesat.ca');
INSERT INTO "proveedor" (id_proveedor,nombre,direccion,email) VALUES (1950,'Nullam Velit Dui Ltd','955-5939 Odio Street','taciti@nisl.ca');
INSERT INTO "proveedor" (id_proveedor,nombre,direccion,email) VALUES (1960,'Id Nunc PC','P.O. Box 612, 2800 Duis Av.','mauris.Suspendisse.aliquet@Cras.org');
INSERT INTO "proveedor" (id_proveedor,nombre,direccion,email) VALUES (1970,'Erat Semper Rutrum Institute','465-1538 Mi St.','mauris.Integer@ornareIn.ca');
INSERT INTO "proveedor" (id_proveedor,nombre,direccion,email) VALUES (1980,'Libero Dui Ltd','334-1383 Sed Avenue','Morbi.accumsan.laoreet@lorem.org');
INSERT INTO "proveedor" (id_proveedor,nombre,direccion,email) VALUES (1990,'Accumsan PC','Ap #180-1726 Nunc Avenue','vel.pede@acmattis.net');

---datos provee
INSERT INTO "provee" (id_proveedor,id_producto) VALUES (1000,100);
INSERT INTO "provee" (id_proveedor,id_producto) VALUES (1010,101);
INSERT INTO "provee" (id_proveedor,id_producto) VALUES (1020,102);
INSERT INTO "provee" (id_proveedor,id_producto) VALUES (1030,103);
INSERT INTO "provee" (id_proveedor,id_producto) VALUES (1040,104);
INSERT INTO "provee" (id_proveedor,id_producto) VALUES (1050,105);
INSERT INTO "provee" (id_proveedor,id_producto) VALUES (1060,106);
INSERT INTO "provee" (id_proveedor,id_producto) VALUES (1070,107);
INSERT INTO "provee" (id_proveedor,id_producto) VALUES (1080,108);
INSERT INTO "provee" (id_proveedor,id_producto) VALUES (1090,109);
INSERT INTO "provee" (id_proveedor,id_producto) VALUES (1100,110);
INSERT INTO "provee" (id_proveedor,id_producto) VALUES (1110,111);
INSERT INTO "provee" (id_proveedor,id_producto) VALUES (1120,112);
INSERT INTO "provee" (id_proveedor,id_producto) VALUES (1130,113);
INSERT INTO "provee" (id_proveedor,id_producto) VALUES (1140,114);
INSERT INTO "provee" (id_proveedor,id_producto) VALUES (1150,115);
INSERT INTO "provee" (id_proveedor,id_producto) VALUES (1160,116);
INSERT INTO "provee" (id_proveedor,id_producto) VALUES (1170,117);
INSERT INTO "provee" (id_proveedor,id_producto) VALUES (1180,118);
INSERT INTO "provee" (id_proveedor,id_producto) VALUES (1190,119);
INSERT INTO "provee" (id_proveedor,id_producto) VALUES (1200,120);
INSERT INTO "provee" (id_proveedor,id_producto) VALUES (1210,121);
INSERT INTO "provee" (id_proveedor,id_producto) VALUES (1220,122);
INSERT INTO "provee" (id_proveedor,id_producto) VALUES (1230,123);
INSERT INTO "provee" (id_proveedor,id_producto) VALUES (1240,124);
INSERT INTO "provee" (id_proveedor,id_producto) VALUES (1250,125);
INSERT INTO "provee" (id_proveedor,id_producto) VALUES (1260,126);
INSERT INTO "provee" (id_proveedor,id_producto) VALUES (1270,127);
INSERT INTO "provee" (id_proveedor,id_producto) VALUES (1280,128);
INSERT INTO "provee" (id_proveedor,id_producto) VALUES (1290,129);
INSERT INTO "provee" (id_proveedor,id_producto) VALUES (1300,130);
INSERT INTO "provee" (id_proveedor,id_producto) VALUES (1310,131);
INSERT INTO "provee" (id_proveedor,id_producto) VALUES (1320,132);
INSERT INTO "provee" (id_proveedor,id_producto) VALUES (1330,133);
INSERT INTO "provee" (id_proveedor,id_producto) VALUES (1340,134);
INSERT INTO "provee" (id_proveedor,id_producto) VALUES (1350,135);
INSERT INTO "provee" (id_proveedor,id_producto) VALUES (1360,136);
INSERT INTO "provee" (id_proveedor,id_producto) VALUES (1370,137);
INSERT INTO "provee" (id_proveedor,id_producto) VALUES (1380,138);
INSERT INTO "provee" (id_proveedor,id_producto) VALUES (1390,139);
INSERT INTO "provee" (id_proveedor,id_producto) VALUES (1400,140);
INSERT INTO "provee" (id_proveedor,id_producto) VALUES (1410,141);
INSERT INTO "provee" (id_proveedor,id_producto) VALUES (1420,142);
INSERT INTO "provee" (id_proveedor,id_producto) VALUES (1430,143);
INSERT INTO "provee" (id_proveedor,id_producto) VALUES (1440,144);
INSERT INTO "provee" (id_proveedor,id_producto) VALUES (1450,145);
INSERT INTO "provee" (id_proveedor,id_producto) VALUES (1460,146);
INSERT INTO "provee" (id_proveedor,id_producto) VALUES (1470,147);
INSERT INTO "provee" (id_proveedor,id_producto) VALUES (1480,148);
INSERT INTO "provee" (id_proveedor,id_producto) VALUES (1490,149);
INSERT INTO "provee" (id_proveedor,id_producto) VALUES (1500,150);
INSERT INTO "provee" (id_proveedor,id_producto) VALUES (1510,151);
INSERT INTO "provee" (id_proveedor,id_producto) VALUES (1520,152);
INSERT INTO "provee" (id_proveedor,id_producto) VALUES (1530,153);
INSERT INTO "provee" (id_proveedor,id_producto) VALUES (1540,154);
INSERT INTO "provee" (id_proveedor,id_producto) VALUES (1550,155);
INSERT INTO "provee" (id_proveedor,id_producto) VALUES (1560,156);
INSERT INTO "provee" (id_proveedor,id_producto) VALUES (1570,157);
INSERT INTO "provee" (id_proveedor,id_producto) VALUES (1580,158);
INSERT INTO "provee" (id_proveedor,id_producto) VALUES (1590,159);
INSERT INTO "provee" (id_proveedor,id_producto) VALUES (1600,160);
INSERT INTO "provee" (id_proveedor,id_producto) VALUES (1610,161);
INSERT INTO "provee" (id_proveedor,id_producto) VALUES (1620,162);
INSERT INTO "provee" (id_proveedor,id_producto) VALUES (1630,163);
INSERT INTO "provee" (id_proveedor,id_producto) VALUES (1640,164);
INSERT INTO "provee" (id_proveedor,id_producto) VALUES (1650,165);
INSERT INTO "provee" (id_proveedor,id_producto) VALUES (1660,166);
INSERT INTO "provee" (id_proveedor,id_producto) VALUES (1670,167);
INSERT INTO "provee" (id_proveedor,id_producto) VALUES (1680,168);
INSERT INTO "provee" (id_proveedor,id_producto) VALUES (1690,169);
INSERT INTO "provee" (id_proveedor,id_producto) VALUES (1700,170);
INSERT INTO "provee" (id_proveedor,id_producto) VALUES (1710,171);
INSERT INTO "provee" (id_proveedor,id_producto) VALUES (1720,172);
INSERT INTO "provee" (id_proveedor,id_producto) VALUES (1730,173);
INSERT INTO "provee" (id_proveedor,id_producto) VALUES (1740,174);
INSERT INTO "provee" (id_proveedor,id_producto) VALUES (1750,175);
INSERT INTO "provee" (id_proveedor,id_producto) VALUES (1760,176);
INSERT INTO "provee" (id_proveedor,id_producto) VALUES (1770,177);
INSERT INTO "provee" (id_proveedor,id_producto) VALUES (1780,178);
INSERT INTO "provee" (id_proveedor,id_producto) VALUES (1790,179);
INSERT INTO "provee" (id_proveedor,id_producto) VALUES (1800,180);
INSERT INTO "provee" (id_proveedor,id_producto) VALUES (1810,181);
INSERT INTO "provee" (id_proveedor,id_producto) VALUES (1820,182);
INSERT INTO "provee" (id_proveedor,id_producto) VALUES (1830,183);
INSERT INTO "provee" (id_proveedor,id_producto) VALUES (1840,184);
INSERT INTO "provee" (id_proveedor,id_producto) VALUES (1850,185);
INSERT INTO "provee" (id_proveedor,id_producto) VALUES (1860,186);
INSERT INTO "provee" (id_proveedor,id_producto) VALUES (1870,187);
INSERT INTO "provee" (id_proveedor,id_producto) VALUES (1880,188);
INSERT INTO "provee" (id_proveedor,id_producto) VALUES (1890,189);
INSERT INTO "provee" (id_proveedor,id_producto) VALUES (1900,190);
INSERT INTO "provee" (id_proveedor,id_producto) VALUES (1910,191);
INSERT INTO "provee" (id_proveedor,id_producto) VALUES (1920,192);
INSERT INTO "provee" (id_proveedor,id_producto) VALUES (1930,193);
INSERT INTO "provee" (id_proveedor,id_producto) VALUES (1940,194);
INSERT INTO "provee" (id_proveedor,id_producto) VALUES (1950,195);
INSERT INTO "provee" (id_proveedor,id_producto) VALUES (1960,196);
INSERT INTO "provee" (id_proveedor,id_producto) VALUES (1970,197);
INSERT INTO "provee" (id_proveedor,id_producto) VALUES (1980,198);
INSERT INTO "provee" (id_proveedor,id_producto) VALUES (1990,199);

UPDATE pedido SET monto_final = SP_calcula_monto_final(1000) where id_pedido = 1000;
UPDATE pedido SET monto_final = SP_calcula_monto_final(1001) where id_pedido = 1001;
UPDATE pedido SET monto_final = SP_calcula_monto_final(1002) where id_pedido = 1002;
UPDATE pedido SET monto_final = SP_calcula_monto_final(1003) where id_pedido = 1003;
UPDATE pedido SET monto_final = SP_calcula_monto_final(1004) where id_pedido = 1004;
UPDATE pedido SET monto_final = SP_calcula_monto_final(1005) where id_pedido = 1005;
UPDATE pedido SET monto_final = SP_calcula_monto_final(1006) where id_pedido = 1006;
UPDATE pedido SET monto_final = SP_calcula_monto_final(1007) where id_pedido = 1007;
UPDATE pedido SET monto_final = SP_calcula_monto_final(1008) where id_pedido = 1008;
UPDATE pedido SET monto_final = SP_calcula_monto_final(1009) where id_pedido = 1009;
UPDATE pedido SET monto_final = SP_calcula_monto_final(1010) where id_pedido = 1010;
UPDATE pedido SET monto_final = SP_calcula_monto_final(1011) where id_pedido = 1011;
UPDATE pedido SET monto_final = SP_calcula_monto_final(1012) where id_pedido = 1012;
UPDATE pedido SET monto_final = SP_calcula_monto_final(1013) where id_pedido = 1013;
UPDATE pedido SET monto_final = SP_calcula_monto_final(1014) where id_pedido = 1014;
UPDATE pedido SET monto_final = SP_calcula_monto_final(1015) where id_pedido = 1015;
UPDATE pedido SET monto_final = SP_calcula_monto_final(1016) where id_pedido = 1016;
UPDATE pedido SET monto_final = SP_calcula_monto_final(1017) where id_pedido = 1017;
UPDATE pedido SET monto_final = SP_calcula_monto_final(1018) where id_pedido = 1018;
UPDATE pedido SET monto_final = SP_calcula_monto_final(1019) where id_pedido = 1019;
UPDATE pedido SET monto_final = SP_calcula_monto_final(1020) where id_pedido = 1020;
UPDATE pedido SET monto_final = SP_calcula_monto_final(1021) where id_pedido = 1021;
UPDATE pedido SET monto_final = SP_calcula_monto_final(1022) where id_pedido = 1022;
UPDATE pedido SET monto_final = SP_calcula_monto_final(1023) where id_pedido = 1023;
UPDATE pedido SET monto_final = SP_calcula_monto_final(1024) where id_pedido = 1024;
UPDATE pedido SET monto_final = SP_calcula_monto_final(1025) where id_pedido = 1025;
UPDATE pedido SET monto_final = SP_calcula_monto_final(1026) where id_pedido = 1026;
UPDATE pedido SET monto_final = SP_calcula_monto_final(1027) where id_pedido = 1027;
UPDATE pedido SET monto_final = SP_calcula_monto_final(1028) where id_pedido = 1028;
UPDATE pedido SET monto_final = SP_calcula_monto_final(1029) where id_pedido = 1029;
UPDATE pedido SET monto_final = SP_calcula_monto_final(1030) where id_pedido = 1030;
UPDATE pedido SET monto_final = SP_calcula_monto_final(1031) where id_pedido = 1031;
UPDATE pedido SET monto_final = SP_calcula_monto_final(1032) where id_pedido = 1032;
UPDATE pedido SET monto_final = SP_calcula_monto_final(1033) where id_pedido = 1033;
UPDATE pedido SET monto_final = SP_calcula_monto_final(1034) where id_pedido = 1034;
UPDATE pedido SET monto_final = SP_calcula_monto_final(1035) where id_pedido = 1035;
UPDATE pedido SET monto_final = SP_calcula_monto_final(1036) where id_pedido = 1036;
UPDATE pedido SET monto_final = SP_calcula_monto_final(1037) where id_pedido = 1037;
UPDATE pedido SET monto_final = SP_calcula_monto_final(1038) where id_pedido = 1038;
UPDATE pedido SET monto_final = SP_calcula_monto_final(1039) where id_pedido = 1039;
UPDATE pedido SET monto_final = SP_calcula_monto_final(1040) where id_pedido = 1040;
UPDATE pedido SET monto_final = SP_calcula_monto_final(1041) where id_pedido = 1041;
UPDATE pedido SET monto_final = SP_calcula_monto_final(1042) where id_pedido = 1042;
UPDATE pedido SET monto_final = SP_calcula_monto_final(1043) where id_pedido = 1043;
UPDATE pedido SET monto_final = SP_calcula_monto_final(1044) where id_pedido = 1044;
UPDATE pedido SET monto_final = SP_calcula_monto_final(1045) where id_pedido = 1045;
UPDATE pedido SET monto_final = SP_calcula_monto_final(1046) where id_pedido = 1046;
UPDATE pedido SET monto_final = SP_calcula_monto_final(1047) where id_pedido = 1047;
UPDATE pedido SET monto_final = SP_calcula_monto_final(1048) where id_pedido = 1048;
UPDATE pedido SET monto_final = SP_calcula_monto_final(1049) where id_pedido = 1049;
UPDATE pedido SET monto_final = SP_calcula_monto_final(1050) where id_pedido = 1050;
UPDATE pedido SET monto_final = SP_calcula_monto_final(1051) where id_pedido = 1051;
UPDATE pedido SET monto_final = SP_calcula_monto_final(1052) where id_pedido = 1052;
UPDATE pedido SET monto_final = SP_calcula_monto_final(1053) where id_pedido = 1053;
UPDATE pedido SET monto_final = SP_calcula_monto_final(1054) where id_pedido = 1054;
UPDATE pedido SET monto_final = SP_calcula_monto_final(1055) where id_pedido = 1055;
UPDATE pedido SET monto_final = SP_calcula_monto_final(1056) where id_pedido = 1056;
UPDATE pedido SET monto_final = SP_calcula_monto_final(1057) where id_pedido = 1057;
UPDATE pedido SET monto_final = SP_calcula_monto_final(1058) where id_pedido = 1058;
UPDATE pedido SET monto_final = SP_calcula_monto_final(1059) where id_pedido = 1059;
UPDATE pedido SET monto_final = SP_calcula_monto_final(1060) where id_pedido = 1060;
UPDATE pedido SET monto_final = SP_calcula_monto_final(1061) where id_pedido = 1061;
UPDATE pedido SET monto_final = SP_calcula_monto_final(1062) where id_pedido = 1062;
UPDATE pedido SET monto_final = SP_calcula_monto_final(1063) where id_pedido = 1063;
UPDATE pedido SET monto_final = SP_calcula_monto_final(1064) where id_pedido = 1064;
UPDATE pedido SET monto_final = SP_calcula_monto_final(1065) where id_pedido = 1065;
UPDATE pedido SET monto_final = SP_calcula_monto_final(1066) where id_pedido = 1066;
UPDATE pedido SET monto_final = SP_calcula_monto_final(1067) where id_pedido = 1067;
UPDATE pedido SET monto_final = SP_calcula_monto_final(1068) where id_pedido = 1068;
UPDATE pedido SET monto_final = SP_calcula_monto_final(1069) where id_pedido = 1069;
UPDATE pedido SET monto_final = SP_calcula_monto_final(1070) where id_pedido = 1070;
UPDATE pedido SET monto_final = SP_calcula_monto_final(1071) where id_pedido = 1071;
UPDATE pedido SET monto_final = SP_calcula_monto_final(1072) where id_pedido = 1072;
UPDATE pedido SET monto_final = SP_calcula_monto_final(1073) where id_pedido = 1073;
UPDATE pedido SET monto_final = SP_calcula_monto_final(1074) where id_pedido = 1074;
UPDATE pedido SET monto_final = SP_calcula_monto_final(1075) where id_pedido = 1075;
UPDATE pedido SET monto_final = SP_calcula_monto_final(1076) where id_pedido = 1076;
UPDATE pedido SET monto_final = SP_calcula_monto_final(1077) where id_pedido = 1077;
UPDATE pedido SET monto_final = SP_calcula_monto_final(1078) where id_pedido = 1078;
UPDATE pedido SET monto_final = SP_calcula_monto_final(1079) where id_pedido = 1079;
UPDATE pedido SET monto_final = SP_calcula_monto_final(1080) where id_pedido = 1080;
UPDATE pedido SET monto_final = SP_calcula_monto_final(1081) where id_pedido = 1081;
UPDATE pedido SET monto_final = SP_calcula_monto_final(1082) where id_pedido = 1082;
UPDATE pedido SET monto_final = SP_calcula_monto_final(1083) where id_pedido = 1083;
UPDATE pedido SET monto_final = SP_calcula_monto_final(1084) where id_pedido = 1084;
UPDATE pedido SET monto_final = SP_calcula_monto_final(1085) where id_pedido = 1085;
UPDATE pedido SET monto_final = SP_calcula_monto_final(1086) where id_pedido = 1086;
UPDATE pedido SET monto_final = SP_calcula_monto_final(1087) where id_pedido = 1087;
UPDATE pedido SET monto_final = SP_calcula_monto_final(1088) where id_pedido = 1088;
UPDATE pedido SET monto_final = SP_calcula_monto_final(1089) where id_pedido = 1089;
UPDATE pedido SET monto_final = SP_calcula_monto_final(1090) where id_pedido = 1090;
UPDATE pedido SET monto_final = SP_calcula_monto_final(1091) where id_pedido = 1091;
UPDATE pedido SET monto_final = SP_calcula_monto_final(1092) where id_pedido = 1092;
UPDATE pedido SET monto_final = SP_calcula_monto_final(1093) where id_pedido = 1093;
UPDATE pedido SET monto_final = SP_calcula_monto_final(1094) where id_pedido = 1094;
UPDATE pedido SET monto_final = SP_calcula_monto_final(1095) where id_pedido = 1095;
UPDATE pedido SET monto_final = SP_calcula_monto_final(1096) where id_pedido = 1096;
UPDATE pedido SET monto_final = SP_calcula_monto_final(1097) where id_pedido = 1097;
UPDATE pedido SET monto_final = SP_calcula_monto_final(1098) where id_pedido = 1098;
UPDATE pedido SET monto_final = SP_calcula_monto_final(1099) where id_pedido = 1099;
